filename,label
/home/Jhin0324/Jhin/PlantDoc/Tomato mold leaf/pm3.jpg,Tomato mold leaf
/home/Jhin0324/Jhin/PlantDoc/Tomato mold leaf/top-leaf-mold-Fulva-fulvea-WN.jpg,Tomato mold leaf
/home/Jhin0324/Jhin/PlantDoc/Tomato mold leaf/tomato_leaf-mold_01_zoom.jpg,Tomato mold leaf
/home/Jhin0324/Jhin/PlantDoc/Tomato mold leaf/DSCN2697.jpg,Tomato mold leaf
/home/Jhin0324/Jhin/PlantDoc/Tomato mold leaf/leaf%2Binf%2B800%2B1.jpg,Tomato mold leaf
/home/Jhin0324/Jhin/PlantDoc/Tomato mold leaf/607-155-0.jpg,Tomato mold leaf
/home/Jhin0324/Jhin/PlantDoc/Tomato mold leaf/Leaf-mold-caused-by-the-fungal-pathogen-Passalore-fulva-in-tomatoes.jpg,Tomato mold leaf
/home/Jhin0324/Jhin/PlantDoc/Tomato mold leaf/tdisease6.jpg,Tomato mold leaf
/home/Jhin0324/Jhin/PlantDoc/Tomato mold leaf/leaf_mold_tomato7x1200.jpg,Tomato mold leaf
/home/Jhin0324/Jhin/PlantDoc/Tomato mold leaf/latest_cb=20100723105221.jpg,Tomato mold leaf
/home/Jhin0324/Jhin/PlantDoc/Tomato mold leaf/Leaf+Mold+lower+leaf+surface+spores+%28conidia%29.jpg,Tomato mold leaf
/home/Jhin0324/Jhin/PlantDoc/Tomato mold leaf/tomato_Leaf-roll-physiological-7059-SLoewen_thm.jpg,Tomato mold leaf
/home/Jhin0324/Jhin/PlantDoc/Tomato mold leaf/5830204360_757cd7fdfc_z.jpg,Tomato mold leaf
/home/Jhin0324/Jhin/PlantDoc/Tomato mold leaf/leaf_mold_tomato5x1200.jpg,Tomato mold leaf
/home/Jhin0324/Jhin/PlantDoc/Tomato mold leaf/dscn6689.jpg,Tomato mold leaf
/home/Jhin0324/Jhin/PlantDoc/Tomato mold leaf/Fig.%2015_opta.jpg,Tomato mold leaf
/home/Jhin0324/Jhin/PlantDoc/Tomato mold leaf/tomato-leaf-2.jpg,Tomato mold leaf
/home/Jhin0324/Jhin/PlantDoc/Tomato mold leaf/leaf_mold2.jpg,Tomato mold leaf
/home/Jhin0324/Jhin/PlantDoc/Tomato mold leaf/dscf2712.jpg,Tomato mold leaf
/home/Jhin0324/Jhin/PlantDoc/Tomato mold leaf/Leaf-mold-web.jpg,Tomato mold leaf
/home/Jhin0324/Jhin/PlantDoc/Tomato mold leaf/tomato_fulvia2.jpg,Tomato mold leaf
/home/Jhin0324/Jhin/PlantDoc/Tomato mold leaf/Tomato+leaf+mold.jpg,Tomato mold leaf
/home/Jhin0324/Jhin/PlantDoc/Tomato mold leaf/HighTunnel_TLM6.jpg,Tomato mold leaf
/home/Jhin0324/Jhin/PlantDoc/Tomato mold leaf/black_leaf_mold_in_zina_tina.jpg,Tomato mold leaf
/home/Jhin0324/Jhin/PlantDoc/Tomato mold leaf/dscn6690.jpg,Tomato mold leaf
/home/Jhin0324/Jhin/PlantDoc/Tomato mold leaf/leafmoldtomato1.jpg,Tomato mold leaf
/home/Jhin0324/Jhin/PlantDoc/Tomato mold leaf/Leaf+mold+tomato+%25283%2529.JPG.jpg,Tomato mold leaf
/home/Jhin0324/Jhin/PlantDoc/Tomato mold leaf/603-116-0.jpg,Tomato mold leaf
/home/Jhin0324/Jhin/PlantDoc/Tomato mold leaf/leaf_mold_nightshade1x500.jpg,Tomato mold leaf
/home/Jhin0324/Jhin/PlantDoc/Tomato mold leaf/23601051_1572608349449262_2029169498_o.jpg,Tomato mold leaf
/home/Jhin0324/Jhin/PlantDoc/Tomato mold leaf/Ormvn.jpg,Tomato mold leaf
/home/Jhin0324/Jhin/PlantDoc/Tomato mold leaf/gray-leaf-spot-300x225.jpg,Tomato mold leaf
/home/Jhin0324/Jhin/PlantDoc/Tomato mold leaf/IMG_1261.jpg,Tomato mold leaf
/home/Jhin0324/Jhin/PlantDoc/Tomato mold leaf/Problem-2a.jpg,Tomato mold leaf
/home/Jhin0324/Jhin/PlantDoc/Tomato mold leaf/50%20Leafmold%20Top.jpg,Tomato mold leaf
/home/Jhin0324/Jhin/PlantDoc/Tomato mold leaf/Botrytis-Tomato-Seedlings-2-copy-50QUALITY-17wck0d.jpg,Tomato mold leaf
/home/Jhin0324/Jhin/PlantDoc/Tomato mold leaf/leafmold.jpg,Tomato mold leaf
/home/Jhin0324/Jhin/PlantDoc/Tomato mold leaf/d-to-tylv-fo005-14496A31BE70553130A.jpg,Tomato mold leaf
/home/Jhin0324/Jhin/PlantDoc/Tomato mold leaf/119B_Tom_Mold.jpg,Tomato mold leaf
/home/Jhin0324/Jhin/PlantDoc/Tomato mold leaf/IMG_7442%20resized_0.preview.jpg,Tomato mold leaf
/home/Jhin0324/Jhin/PlantDoc/Tomato mold leaf/23600077_1572609202782510_2145699867_o.jpg,Tomato mold leaf
/home/Jhin0324/Jhin/PlantDoc/Tomato mold leaf/HighTunnel_TLM5.jpg,Tomato mold leaf
/home/Jhin0324/Jhin/PlantDoc/Tomato mold leaf/8915974546_00664cefe3_z.jpg,Tomato mold leaf
/home/Jhin0324/Jhin/PlantDoc/Tomato mold leaf/BlackLeafMold2.jpg,Tomato mold leaf
/home/Jhin0324/Jhin/PlantDoc/Tomato mold leaf/leaf_mold_tomato6x1200.jpg,Tomato mold leaf
/home/Jhin0324/Jhin/PlantDoc/Tomato mold leaf/black%20leaf%20mold%20%283%29.JPG_itok=u5TDHCSM.jpg,Tomato mold leaf
/home/Jhin0324/Jhin/PlantDoc/Tomato mold leaf/image233.jpg,Tomato mold leaf
/home/Jhin0324/Jhin/PlantDoc/Tomato mold leaf/TomatoLeafMold2-50QUALITY-1b89zfs.jpg,Tomato mold leaf
/home/Jhin0324/Jhin/PlantDoc/Tomato mold leaf/Leaf+Mold+upper+leaf+surface.jpg,Tomato mold leaf
/home/Jhin0324/Jhin/PlantDoc/Tomato mold leaf/tomato_leaf-mold_03_zoom.jpg,Tomato mold leaf
/home/Jhin0324/Jhin/PlantDoc/Tomato mold leaf/100_4542.jpg,Tomato mold leaf
/home/Jhin0324/Jhin/PlantDoc/Tomato mold leaf/tomato_plants_1_original.JPG_1407178095.jpg,Tomato mold leaf
/home/Jhin0324/Jhin/PlantDoc/Tomato mold leaf/Fig.%2016_opt.jpg,Tomato mold leaf
/home/Jhin0324/Jhin/PlantDoc/Tomato mold leaf/leaf_mold_tomato1x1200.jpg,Tomato mold leaf
/home/Jhin0324/Jhin/PlantDoc/Tomato mold leaf/BIGSD.jpg,Tomato mold leaf
/home/Jhin0324/Jhin/PlantDoc/Tomato mold leaf/Tomato%20greenhouse%20leaf%20edema%20and%20distortion2F.JPG.jpg,Tomato mold leaf
/home/Jhin0324/Jhin/PlantDoc/Tomato mold leaf/tomato.jpg,Tomato mold leaf
/home/Jhin0324/Jhin/PlantDoc/Tomato mold leaf/607-155-1.jpg,Tomato mold leaf
/home/Jhin0324/Jhin/PlantDoc/Tomato mold leaf/leaf_mold_tomato4x1200.jpg,Tomato mold leaf
/home/Jhin0324/Jhin/PlantDoc/Tomato mold leaf/2195890.jpg,Tomato mold leaf
/home/Jhin0324/Jhin/PlantDoc/Tomato mold leaf/leafmoldtomato2.jpg,Tomato mold leaf
/home/Jhin0324/Jhin/PlantDoc/Tomato mold leaf/B%29-Leafunsidecladosp-envez.jpg,Tomato mold leaf
/home/Jhin0324/Jhin/PlantDoc/Tomato mold leaf/4118c92ffde66d327ee14e4023320bf7.jpg,Tomato mold leaf
/home/Jhin0324/Jhin/PlantDoc/Tomato mold leaf/tdisease12.jpg,Tomato mold leaf
/home/Jhin0324/Jhin/PlantDoc/Tomato mold leaf/tdisease7.jpg,Tomato mold leaf
/home/Jhin0324/Jhin/PlantDoc/Tomato mold leaf/ArticleImage.aspx_imgid=4987.jpg,Tomato mold leaf
/home/Jhin0324/Jhin/PlantDoc/Tomato mold leaf/gray-mold-on-tomato-leaf.jpg,Tomato mold leaf
/home/Jhin0324/Jhin/PlantDoc/Tomato mold leaf/P1020365.jpg,Tomato mold leaf
/home/Jhin0324/Jhin/PlantDoc/Tomato mold leaf/49%20Leafmold%20Bottom.jpg,Tomato mold leaf
/home/Jhin0324/Jhin/PlantDoc/Tomato mold leaf/fungus-univ-of-minnesoeta.jpg,Tomato mold leaf
/home/Jhin0324/Jhin/PlantDoc/Tomato mold leaf/23633262_1572609386115825_1396180255_o.jpg,Tomato mold leaf
/home/Jhin0324/Jhin/PlantDoc/Tomato mold leaf/Leaf-mold3.jpg,Tomato mold leaf
/home/Jhin0324/Jhin/PlantDoc/Tomato mold leaf/GIVXB.jpg,Tomato mold leaf
/home/Jhin0324/Jhin/PlantDoc/Tomato mold leaf/tomato-leaf-mold-2.jpg,Tomato mold leaf
/home/Jhin0324/Jhin/PlantDoc/Tomato mold leaf/Leaf+mold+tomato+%25282%2529.JPG.jpg,Tomato mold leaf
/home/Jhin0324/Jhin/PlantDoc/Tomato mold leaf/grey-mould-botrytis-cinerea-on-bottom-of-a-tomato-leaf-late-in-the-AFRDAN.jpg,Tomato mold leaf
/home/Jhin0324/Jhin/PlantDoc/Tomato mold leaf/6032331.JPG.jpg,Tomato mold leaf
/home/Jhin0324/Jhin/PlantDoc/Tomato mold leaf/black%20leaf%20mold%20%284%29.JPG_itok=DIIUw9JU.jpg,Tomato mold leaf
/home/Jhin0324/Jhin/PlantDoc/Tomato mold leaf/tomato_leaf-mold_04_zoom.jpg,Tomato mold leaf
/home/Jhin0324/Jhin/PlantDoc/Tomato mold leaf/tomato_fulvia.jpg,Tomato mold leaf
/home/Jhin0324/Jhin/PlantDoc/Tomato mold leaf/leaf_mold1.jpg,Tomato mold leaf
/home/Jhin0324/Jhin/PlantDoc/Tomato mold leaf/tylc.jpg,Tomato mold leaf
/home/Jhin0324/Jhin/PlantDoc/Tomato mold leaf/tomato-leaf-mold.jpg,Tomato mold leaf
/home/Jhin0324/Jhin/PlantDoc/Tomato mold leaf/leaf_mold_nightshade2x500.jpg,Tomato mold leaf
/home/Jhin0324/Jhin/PlantDoc/Tomato mold leaf/tomato_leaf-mold_02_zoom.jpg,Tomato mold leaf
/home/Jhin0324/Jhin/PlantDoc/Tomato mold leaf/tomato-gray-leaf-spot.jpg,Tomato mold leaf
/home/Jhin0324/Jhin/PlantDoc/Tomato mold leaf/tomato-leaf-mold-infection-on-a-leaf-top-and-underside-picture-id81781575_s=612x612.jpg,Tomato mold leaf
/home/Jhin0324/Jhin/PlantDoc/Tomato mold leaf/OLU13.jpg,Tomato mold leaf
/home/Jhin0324/Jhin/PlantDoc/Tomato mold leaf/leaf_mold_tomato2x1200.jpg,Tomato mold leaf
/home/Jhin0324/Jhin/PlantDoc/Tomato mold leaf/TomatoLeafMold1-50QUALITY-16lgkq6.jpg,Tomato mold leaf
/home/Jhin0324/Jhin/PlantDoc/Tomato mold leaf/leaf_mold_tomato3x1200.jpg,Tomato mold leaf
/home/Jhin0324/Jhin/PlantDoc/Tomato leaf bacterial spot/pp1244-05.jpeg.jpg,Tomato leaf bacterial spot
/home/Jhin0324/Jhin/PlantDoc/Tomato leaf bacterial spot/bacterialLeafSpot07-2jqdlmz.jpg,Tomato leaf bacterial spot
/home/Jhin0324/Jhin/PlantDoc/Tomato leaf bacterial spot/tomato-plant-diseases-identification-leaf-spot-tomato-disease-tomato-plant-fungus-identification.jpg,Tomato leaf bacterial spot
/home/Jhin0324/Jhin/PlantDoc/Tomato leaf bacterial spot/CankerFoliar-copy-50-QUALITY-122b09b.jpg,Tomato leaf bacterial spot
/home/Jhin0324/Jhin/PlantDoc/Tomato leaf bacterial spot/Bacterial_spots1300.jpg,Tomato leaf bacterial spot
/home/Jhin0324/Jhin/PlantDoc/Tomato leaf bacterial spot/05-069f12.jpg,Tomato leaf bacterial spot
/home/Jhin0324/Jhin/PlantDoc/Tomato leaf bacterial spot/bact-spot-leaf-big.jpg,Tomato leaf bacterial spot
/home/Jhin0324/Jhin/PlantDoc/Tomato leaf bacterial spot/BacterialSpot06.jpg,Tomato leaf bacterial spot
/home/Jhin0324/Jhin/PlantDoc/Tomato leaf bacterial spot/30290.jpg,Tomato leaf bacterial spot
/home/Jhin0324/Jhin/PlantDoc/Tomato leaf bacterial spot/266914753eb19d87b80567baed1a0f66.jpg,Tomato leaf bacterial spot
/home/Jhin0324/Jhin/PlantDoc/Tomato leaf bacterial spot/my-plant-has-brown-spots-leaf-spot-and-canker-on-dogwood.jpg,Tomato leaf bacterial spot
/home/Jhin0324/Jhin/PlantDoc/Tomato leaf bacterial spot/BacterialSpot07.jpg,Tomato leaf bacterial spot
/home/Jhin0324/Jhin/PlantDoc/Tomato leaf bacterial spot/Bacterial_spots563.jpg,Tomato leaf bacterial spot
/home/Jhin0324/Jhin/PlantDoc/Tomato leaf bacterial spot/Tom_Bact3.jpg,Tomato leaf bacterial spot
/home/Jhin0324/Jhin/PlantDoc/Tomato leaf bacterial spot/BCH%20medium%20thumbnail%20for%20upload%20%2814%29.jpg,Tomato leaf bacterial spot
/home/Jhin0324/Jhin/PlantDoc/Tomato leaf bacterial spot/Bacterial_spots2276.jpg,Tomato leaf bacterial spot
/home/Jhin0324/Jhin/PlantDoc/Tomato leaf bacterial spot/Bacterial_spots562.jpg,Tomato leaf bacterial spot
/home/Jhin0324/Jhin/PlantDoc/Tomato leaf bacterial spot/bacterial-speck-tomato-3.jpg,Tomato leaf bacterial spot
/home/Jhin0324/Jhin/PlantDoc/Tomato leaf bacterial spot/bacterialLeafSpot04-xqxm03.jpg,Tomato leaf bacterial spot
/home/Jhin0324/Jhin/PlantDoc/Tomato leaf bacterial spot/Pest2371.jpg,Tomato leaf bacterial spot
/home/Jhin0324/Jhin/PlantDoc/Tomato leaf bacterial spot/bac_spot_tomato_leaf_l.jpg,Tomato leaf bacterial spot
/home/Jhin0324/Jhin/PlantDoc/Tomato leaf bacterial spot/07.17.18-Common_Tomato_Diseases_Canker-258x300.jpg,Tomato leaf bacterial spot
/home/Jhin0324/Jhin/PlantDoc/Tomato leaf bacterial spot/LyraEDISServlet.jpg,Tomato leaf bacterial spot
/home/Jhin0324/Jhin/PlantDoc/Tomato leaf bacterial spot/bacterial-canker3x2400-2ia1kgd.jpg,Tomato leaf bacterial spot
/home/Jhin0324/Jhin/PlantDoc/Tomato leaf bacterial spot/Bacterial-spot-on-tomato-leaves.jpg,Tomato leaf bacterial spot
/home/Jhin0324/Jhin/PlantDoc/Tomato leaf bacterial spot/tomato_V8.jpg,Tomato leaf bacterial spot
/home/Jhin0324/Jhin/PlantDoc/Tomato leaf bacterial spot/bacterialSpeck03510339f27656b-1scmgh1.jpg,Tomato leaf bacterial spot
/home/Jhin0324/Jhin/PlantDoc/Tomato leaf bacterial spot/39765006175_e2f0da764d_b.jpg,Tomato leaf bacterial spot
/home/Jhin0324/Jhin/PlantDoc/Tomato leaf bacterial spot/38849847120_7ae02bd6c3_b.jpg,Tomato leaf bacterial spot
/home/Jhin0324/Jhin/PlantDoc/Tomato leaf bacterial spot/alter_cank2-150x150.jpg,Tomato leaf bacterial spot
/home/Jhin0324/Jhin/PlantDoc/Tomato leaf bacterial spot/Bacterial_spots586.jpg,Tomato leaf bacterial spot
/home/Jhin0324/Jhin/PlantDoc/Tomato leaf bacterial spot/Tomato2_original.JPG_1472597932.jpg,Tomato leaf bacterial spot
/home/Jhin0324/Jhin/PlantDoc/Tomato leaf bacterial spot/pddl-highlights-fig-1-bact-spot.jpg,Tomato leaf bacterial spot
/home/Jhin0324/Jhin/PlantDoc/Tomato leaf bacterial spot/FS547-4-big.jpg,Tomato leaf bacterial spot
/home/Jhin0324/Jhin/PlantDoc/Tomato leaf bacterial spot/Leaf-Spot-300x253.jpg,Tomato leaf bacterial spot
/home/Jhin0324/Jhin/PlantDoc/Tomato leaf bacterial spot/kg32-beefsteak-tomatoes-08_lg.jpg,Tomato leaf bacterial spot
/home/Jhin0324/Jhin/PlantDoc/Tomato leaf bacterial spot/Tomato%20bacterial%20canker.JPG.jpg,Tomato leaf bacterial spot
/home/Jhin0324/Jhin/PlantDoc/Tomato leaf bacterial spot/59380.jpg,Tomato leaf bacterial spot
/home/Jhin0324/Jhin/PlantDoc/Tomato leaf bacterial spot/tomato-plant-leaves-brown-spots-tomato-leaves-older-ones-with-spots.jpg,Tomato leaf bacterial spot
/home/Jhin0324/Jhin/PlantDoc/Tomato leaf bacterial spot/Leaf%2Bspot%2B1000.jpg,Tomato leaf bacterial spot
/home/Jhin0324/Jhin/PlantDoc/Tomato leaf bacterial spot/RyBx7MH.jpg,Tomato leaf bacterial spot
/home/Jhin0324/Jhin/PlantDoc/Tomato leaf bacterial spot/latest_cb=20100808132744.jpg,Tomato leaf bacterial spot
/home/Jhin0324/Jhin/PlantDoc/Tomato leaf bacterial spot/bacterial-canker4x640-1nz1vm7.jpg,Tomato leaf bacterial spot
/home/Jhin0324/Jhin/PlantDoc/Tomato leaf bacterial spot/BCH%20small%20thumbnail%20for%20upload%20%2814%29.jpg,Tomato leaf bacterial spot
/home/Jhin0324/Jhin/PlantDoc/Tomato leaf bacterial spot/Leaf-spots-on-tomato-leaves-Credits-Hank-Dankers_Q320.jpg,Tomato leaf bacterial spot
/home/Jhin0324/Jhin/PlantDoc/Tomato leaf bacterial spot/beg.jpg,Tomato leaf bacterial spot
/home/Jhin0324/Jhin/PlantDoc/Tomato leaf bacterial spot/Jeter%20Mtn%20Farm_7053.JPG.jpg,Tomato leaf bacterial spot
/home/Jhin0324/Jhin/PlantDoc/Tomato leaf bacterial spot/image3_original.JPG_1472755422.jpg,Tomato leaf bacterial spot
/home/Jhin0324/Jhin/PlantDoc/Tomato leaf bacterial spot/Bacterial_spots2277.jpg,Tomato leaf bacterial spot
/home/Jhin0324/Jhin/PlantDoc/Tomato leaf bacterial spot/4-6%20Keep%20bacterial%20diseasesMARY%20-%20D.jpg,Tomato leaf bacterial spot
/home/Jhin0324/Jhin/PlantDoc/Tomato leaf bacterial spot/%2320+Bacterial+Spot+and+Speck.jpg,Tomato leaf bacterial spot
/home/Jhin0324/Jhin/PlantDoc/Tomato leaf bacterial spot/Figure-1-6.jpg,Tomato leaf bacterial spot
/home/Jhin0324/Jhin/PlantDoc/Tomato leaf bacterial spot/bacterial-spot-of-tomato-7-638.jpg,Tomato leaf bacterial spot
/home/Jhin0324/Jhin/PlantDoc/Tomato leaf bacterial spot/photo-1.jpg,Tomato leaf bacterial spot
/home/Jhin0324/Jhin/PlantDoc/Tomato leaf bacterial spot/patarea-bacteriana-frunzelor-pseudomonas-syringae-maculicola-31_5_2.jpg,Tomato leaf bacterial spot
/home/Jhin0324/Jhin/PlantDoc/Tomato leaf bacterial spot/tomato_bacterial-speck_03_zoom.jpg,Tomato leaf bacterial spot
/home/Jhin0324/Jhin/PlantDoc/Tomato leaf bacterial spot/Bacterial-spot-tomato.jpg,Tomato leaf bacterial spot
/home/Jhin0324/Jhin/PlantDoc/Tomato leaf bacterial spot/Tomato%20greenhouse%20phythotoxicity03F.JPG.jpg,Tomato leaf bacterial spot
/home/Jhin0324/Jhin/PlantDoc/Tomato leaf bacterial spot/05-069f9.jpg,Tomato leaf bacterial spot
/home/Jhin0324/Jhin/PlantDoc/Tomato leaf bacterial spot/Tomato-Canker-Marginal-Necrosis-Leaf-GH-Guat-50-QUALITY-10e6dzu.jpg,Tomato leaf bacterial spot
/home/Jhin0324/Jhin/PlantDoc/Tomato leaf bacterial spot/Tom_Bact7.jpg,Tomato leaf bacterial spot
/home/Jhin0324/Jhin/PlantDoc/Tomato leaf bacterial spot/clothes014.jpg,Tomato leaf bacterial spot
/home/Jhin0324/Jhin/PlantDoc/Tomato leaf bacterial spot/Leafspotx450xBugwood.jpg,Tomato leaf bacterial spot
/home/Jhin0324/Jhin/PlantDoc/Tomato leaf bacterial spot/Leaf%2Bsymptoms%2BMDA.jpg,Tomato leaf bacterial spot
/home/Jhin0324/Jhin/PlantDoc/Tomato leaf bacterial spot/bacterial-leaf-spot.jpg,Tomato leaf bacterial spot
/home/Jhin0324/Jhin/PlantDoc/Tomato leaf bacterial spot/droppedImage_3.jpg,Tomato leaf bacterial spot
/home/Jhin0324/Jhin/PlantDoc/Tomato leaf bacterial spot/10-3-bacterial-speck-on-tomato-RON.jpg,Tomato leaf bacterial spot
/home/Jhin0324/Jhin/PlantDoc/Tomato leaf bacterial spot/bac.jpg,Tomato leaf bacterial spot
/home/Jhin0324/Jhin/PlantDoc/Tomato leaf bacterial spot/bc34aec4ea7f60a64e380fda44c2f380.jpg,Tomato leaf bacterial spot
/home/Jhin0324/Jhin/PlantDoc/Tomato leaf bacterial spot/CankerRhiemsFiring1-copy-50-QUALITY-16lcw30.jpg,Tomato leaf bacterial spot
/home/Jhin0324/Jhin/PlantDoc/Tomato leaf bacterial spot/bac-canker.jpg,Tomato leaf bacterial spot
/home/Jhin0324/Jhin/PlantDoc/Tomato leaf bacterial spot/a3fb24f84fe70e5d37352d13106531d6.jpg,Tomato leaf bacterial spot
/home/Jhin0324/Jhin/PlantDoc/Tomato leaf bacterial spot/Bacterial-Leaf-Spot-2.jpg,Tomato leaf bacterial spot
/home/Jhin0324/Jhin/PlantDoc/Tomato leaf bacterial spot/bacterial%20leaf%20spot.jpg,Tomato leaf bacterial spot
/home/Jhin0324/Jhin/PlantDoc/Tomato leaf bacterial spot/IMG_2348.jpg,Tomato leaf bacterial spot
/home/Jhin0324/Jhin/PlantDoc/Tomato leaf bacterial spot/bact-spot-fig-1.jpg,Tomato leaf bacterial spot
/home/Jhin0324/Jhin/PlantDoc/Tomato leaf bacterial spot/110608-01-8356c-lg.jpg,Tomato leaf bacterial spot
/home/Jhin0324/Jhin/PlantDoc/Tomato leaf bacterial spot/Canker-GHTom-CAG-leaf-collapse-copy-50-QUALITY-1ur7cyk.jpg,Tomato leaf bacterial spot
/home/Jhin0324/Jhin/PlantDoc/Tomato leaf bacterial spot/3bacterial-canker1.jpg,Tomato leaf bacterial spot
/home/Jhin0324/Jhin/PlantDoc/Tomato leaf bacterial spot/bacterialspottomato2.jpg,Tomato leaf bacterial spot
/home/Jhin0324/Jhin/PlantDoc/Tomato leaf bacterial spot/tomato_xanthomonas_foliage.jpg,Tomato leaf bacterial spot
/home/Jhin0324/Jhin/PlantDoc/Tomato leaf bacterial spot/IN0335.jpg,Tomato leaf bacterial spot
/home/Jhin0324/Jhin/PlantDoc/Tomato leaf bacterial spot/stock-photo-bacterial-spot-on-tomato-559799107.jpg,Tomato leaf bacterial spot
/home/Jhin0324/Jhin/PlantDoc/Tomato leaf bacterial spot/TomatoBacterialSpot2.jpg,Tomato leaf bacterial spot
/home/Jhin0324/Jhin/PlantDoc/Tomato leaf bacterial spot/Tomato%2BBacterial%2BSpot%2Bon%2BLeaves.jpg,Tomato leaf bacterial spot
/home/Jhin0324/Jhin/PlantDoc/Tomato leaf bacterial spot/5114949114265600-600x272.jpeg.jpg,Tomato leaf bacterial spot
/home/Jhin0324/Jhin/PlantDoc/Tomato leaf bacterial spot/3182.jpg,Tomato leaf bacterial spot
/home/Jhin0324/Jhin/PlantDoc/Tomato leaf bacterial spot/71c944d61b08f6373a9a38d3c250cb2e.jpg,Tomato leaf bacterial spot
/home/Jhin0324/Jhin/PlantDoc/Tomato leaf bacterial spot/250_cb=20100819110637.jpg,Tomato leaf bacterial spot
/home/Jhin0324/Jhin/PlantDoc/Tomato leaf bacterial spot/TC6-300x194.jpg,Tomato leaf bacterial spot
/home/Jhin0324/Jhin/PlantDoc/Tomato leaf bacterial spot/bacterial-speck-tomato-2.jpg,Tomato leaf bacterial spot
/home/Jhin0324/Jhin/PlantDoc/Tomato leaf bacterial spot/image5_300x300%2523.JPG_1472755422.jpg,Tomato leaf bacterial spot
/home/Jhin0324/Jhin/PlantDoc/Tomato leaf bacterial spot/tomato1A.jpg,Tomato leaf bacterial spot
/home/Jhin0324/Jhin/PlantDoc/Tomato leaf bacterial spot/Paret-Fig-1-tomato-bacterial-leaf-spot.jpg,Tomato leaf bacterial spot
/home/Jhin0324/Jhin/PlantDoc/Tomato leaf bacterial spot/Bacterial-speck-tomato-leaves.jpg,Tomato leaf bacterial spot
/home/Jhin0324/Jhin/PlantDoc/Tomato leaf bacterial spot/bac_spot1-300x298.jpg,Tomato leaf bacterial spot
/home/Jhin0324/Jhin/PlantDoc/Tomato leaf bacterial spot/13582051_f520.jpg,Tomato leaf bacterial spot
/home/Jhin0324/Jhin/PlantDoc/Tomato leaf bacterial spot/bacterial-speck-tomato1x2400-275mmny.jpg,Tomato leaf bacterial spot
/home/Jhin0324/Jhin/PlantDoc/Tomato leaf bacterial spot/Bacterial+Speck+-+Tomatoes.jpg,Tomato leaf bacterial spot
/home/Jhin0324/Jhin/PlantDoc/Tomato leaf bacterial spot/b-speck.jpg,Tomato leaf bacterial spot
/home/Jhin0324/Jhin/PlantDoc/Tomato leaf bacterial spot/Bacterial-Spot-of-Tomato-Img-2.jpg,Tomato leaf bacterial spot
/home/Jhin0324/Jhin/PlantDoc/Tomato leaf bacterial spot/tomato_bacterial-speck_01_zoom.jpg,Tomato leaf bacterial spot
/home/Jhin0324/Jhin/PlantDoc/Tomato leaf bacterial spot/TC3.jpg,Tomato leaf bacterial spot
/home/Jhin0324/Jhin/PlantDoc/Tomato leaf bacterial spot/photo-764060.JPG.jpg,Tomato leaf bacterial spot
/home/Jhin0324/Jhin/PlantDoc/Tomato leaf bacterial spot/05-069f1.jpg,Tomato leaf bacterial spot
/home/Jhin0324/Jhin/PlantDoc/Tomato leaf bacterial spot/Bacterial+Spot+-+Tomatoes.jpg,Tomato leaf bacterial spot
/home/Jhin0324/Jhin/PlantDoc/Tomato leaf bacterial spot/bac-spot.jpg,Tomato leaf bacterial spot
/home/Jhin0324/Jhin/PlantDoc/Tomato leaf bacterial spot/leaf-spot3-big.jpg,Tomato leaf bacterial spot
/home/Jhin0324/Jhin/PlantDoc/Tomato leaf bacterial spot/bacterial-spot-of-tomato-6-638.jpg,Tomato leaf bacterial spot
/home/Jhin0324/Jhin/PlantDoc/Tomato leaf bacterial spot/Figure-3-7.jpg,Tomato leaf bacterial spot
/home/Jhin0324/Jhin/PlantDoc/Peach leaf/00pe.jpg,Peach leaf
/home/Jhin0324/Jhin/PlantDoc/Peach leaf/two-peach-leaves-isolated-on-white-picture-id519433636.jpg,Peach leaf
/home/Jhin0324/Jhin/PlantDoc/Peach leaf/peach-leaf-11810082.jpg,Peach leaf
/home/Jhin0324/Jhin/PlantDoc/Peach leaf/image_original.jpeg_1473123508.jpg,Peach leaf
/home/Jhin0324/Jhin/PlantDoc/Peach leaf/peach-with-leaves-stock-picture-1721709.jpg,Peach leaf
/home/Jhin0324/Jhin/PlantDoc/Peach leaf/depositphotos_88236122-stock-photo-peach-leaf-isolated-on-white.jpg,Peach leaf
/home/Jhin0324/Jhin/PlantDoc/Peach leaf/peach-leaf-1677674.jpg,Peach leaf
/home/Jhin0324/Jhin/PlantDoc/Peach leaf/P1010703.JPG.jpg,Peach leaf
/home/Jhin0324/Jhin/PlantDoc/Peach leaf/depositphotos_4009139-stock-photo-ripe-peach-with-leaves.jpg,Peach leaf
/home/Jhin0324/Jhin/PlantDoc/Peach leaf/stock-photo-peach-wet-fruit-with-leaf-isolated-on-white-248733745.jpg,Peach leaf
/home/Jhin0324/Jhin/PlantDoc/Peach leaf/stock-photo-two-peach-leaves-isolated-on-white-311533217.jpg,Peach leaf
/home/Jhin0324/Jhin/PlantDoc/Peach leaf/stock-photo-peach-fruit-isolated-on-white-332799767.jpg,Peach leaf
/home/Jhin0324/Jhin/PlantDoc/Peach leaf/stock-photo-two-sides-of-peach-leaf-isolate-on-white-17407162.jpg,Peach leaf
/home/Jhin0324/Jhin/PlantDoc/Peach leaf/peach-leaves-isolated-white-background-43668233.jpg,Peach leaf
/home/Jhin0324/Jhin/PlantDoc/Peach leaf/peaches-w-leaves.jpg,Peach leaf
/home/Jhin0324/Jhin/PlantDoc/Peach leaf/peach-tree-trunk-new-leaf-18757494.jpg,Peach leaf
/home/Jhin0324/Jhin/PlantDoc/Peach leaf/3940-960x960.jpg,Peach leaf
/home/Jhin0324/Jhin/PlantDoc/Peach leaf/peach-and-leaf-stock-picture-2809277.jpg,Peach leaf
/home/Jhin0324/Jhin/PlantDoc/Peach leaf/300117_1.jpg,Peach leaf
/home/Jhin0324/Jhin/PlantDoc/Peach leaf/1343.jpg,Peach leaf
/home/Jhin0324/Jhin/PlantDoc/Peach leaf/depositphotos_6870648-stock-photo-ripe-peach-fruit-with-leaves.jpg,Peach leaf
/home/Jhin0324/Jhin/PlantDoc/Peach leaf/Peach-Pixzee-tree.jpg,Peach leaf
/home/Jhin0324/Jhin/PlantDoc/Peach leaf/Stephanes-Babcock-peach.Few-branches-without-any-leaves.jpg,Peach leaf
/home/Jhin0324/Jhin/PlantDoc/Peach leaf/1200px-Illustration_Prunus_persica0.jpg,Peach leaf
/home/Jhin0324/Jhin/PlantDoc/Peach leaf/17558-peach-and-leaves.jpg,Peach leaf
/home/Jhin0324/Jhin/PlantDoc/Peach leaf/peach-tree-leaf-3-1024x681.jpg,Peach leaf
/home/Jhin0324/Jhin/PlantDoc/Peach leaf/3939-960x960.jpg,Peach leaf
/home/Jhin0324/Jhin/PlantDoc/Peach leaf/depositphotos_3786198-Peach-leaf.jpg,Peach leaf
/home/Jhin0324/Jhin/PlantDoc/Peach leaf/0peach.jpg,Peach leaf
/home/Jhin0324/Jhin/PlantDoc/Peach leaf/1737796_orig.jpg,Peach leaf
/home/Jhin0324/Jhin/PlantDoc/Peach leaf/P1015750.JPG.jpg,Peach leaf
/home/Jhin0324/Jhin/PlantDoc/Peach leaf/peach-leaves-isolated-white-background-43668179.jpg,Peach leaf
/home/Jhin0324/Jhin/PlantDoc/Peach leaf/peach-with-leaves-stock-picture-1662209.jpg,Peach leaf
/home/Jhin0324/Jhin/PlantDoc/Peach leaf/stock-photo-peach-leaf-isolated-on-white-background-198744794.jpg,Peach leaf
/home/Jhin0324/Jhin/PlantDoc/Peach leaf/peach-leaves-26807890.jpg,Peach leaf
/home/Jhin0324/Jhin/PlantDoc/Peach leaf/stock-photo-single-peach-with-leaves-on-a-white-background-111042830.jpg,Peach leaf
/home/Jhin0324/Jhin/PlantDoc/Peach leaf/DSCN1913.JPG.jpg,Peach leaf
/home/Jhin0324/Jhin/PlantDoc/Peach leaf/366.jpg,Peach leaf
/home/Jhin0324/Jhin/PlantDoc/Peach leaf/peach-leaf-isolated-white-background-43668230.jpg,Peach leaf
/home/Jhin0324/Jhin/PlantDoc/Peach leaf/300117.jpg,Peach leaf
/home/Jhin0324/Jhin/PlantDoc/Peach leaf/peach-and-nectarine-leaves.jpg,Peach leaf
/home/Jhin0324/Jhin/PlantDoc/Peach leaf/P1015775.JPG.jpg,Peach leaf
/home/Jhin0324/Jhin/PlantDoc/Peach leaf/Peach-leaves.jpg,Peach leaf
/home/Jhin0324/Jhin/PlantDoc/Peach leaf/stock-photo-peach-leaf-isolated-on-white-background-195325289.jpg,Peach leaf
/home/Jhin0324/Jhin/PlantDoc/Peach leaf/stock-photo-fresh-peach-fruits-with-green-leaves-isolated-on-white-background-59305621.jpg,Peach leaf
/home/Jhin0324/Jhin/PlantDoc/Peach leaf/fresh-peach-green-leaf-3346348.jpg,Peach leaf
/home/Jhin0324/Jhin/PlantDoc/Peach leaf/stock-photo-peach-leaves-isolated-203326555.jpg,Peach leaf
/home/Jhin0324/Jhin/PlantDoc/Peach leaf/peach-leaves-18058413.jpg,Peach leaf
/home/Jhin0324/Jhin/PlantDoc/Peach leaf/depositphotos_50812601-stock-photo-peach-leaf-isolated-on-white.jpg,Peach leaf
/home/Jhin0324/Jhin/PlantDoc/Peach leaf/0052.jpg,Peach leaf
/home/Jhin0324/Jhin/PlantDoc/Peach leaf/peach-leaf-isolated-white-background-42295220.jpg,Peach leaf
/home/Jhin0324/Jhin/PlantDoc/Peach leaf/Peachleaf-Willow-leaf-1.jpg,Peach leaf
/home/Jhin0324/Jhin/PlantDoc/Peach leaf/stock-photo-peach-leaves-isolated-on-white-background-618456884.jpg,Peach leaf
/home/Jhin0324/Jhin/PlantDoc/Peach leaf/peach_tree_20100523.jpg,Peach leaf
/home/Jhin0324/Jhin/PlantDoc/Peach leaf/DSC02329.jpg,Peach leaf
/home/Jhin0324/Jhin/PlantDoc/Peach leaf/stock-photo-peach-with-leaves-isolated-on-white-246532954.jpg,Peach leaf
/home/Jhin0324/Jhin/PlantDoc/Peach leaf/stock-photo-peach-with-leaf-isolated-on-white-with-clipping-path-494602609.jpg,Peach leaf
/home/Jhin0324/Jhin/PlantDoc/Peach leaf/0pe.jpg,Peach leaf
/home/Jhin0324/Jhin/PlantDoc/Peach leaf/peaches-growing-in-tree.jpg,Peach leaf
/home/Jhin0324/Jhin/PlantDoc/Peach leaf/depositphotos_140609182-stock-photo-beauty-peach-with-leaf.jpg,Peach leaf
/home/Jhin0324/Jhin/PlantDoc/Peach leaf/peach.jpg,Peach leaf
/home/Jhin0324/Jhin/PlantDoc/Peach leaf/78517936.jpg,Peach leaf
/home/Jhin0324/Jhin/PlantDoc/Peach leaf/peach-and-leaf-stock-image-2809275.jpg,Peach leaf
/home/Jhin0324/Jhin/PlantDoc/Peach leaf/stock-photo-peach-fruits-with-leaf-isolated-on-white-background-639972919.jpg,Peach leaf
/home/Jhin0324/Jhin/PlantDoc/Peach leaf/fresh-peach-fruits-green-leaves-15654533.jpg,Peach leaf
/home/Jhin0324/Jhin/PlantDoc/Peach leaf/H2c1o.jpg,Peach leaf
/home/Jhin0324/Jhin/PlantDoc/Peach leaf/peach-and-leaf-stock-image-2809274.jpg,Peach leaf
/home/Jhin0324/Jhin/PlantDoc/Peach leaf/peach-prunus-persica-roter-ellerstaedter-prunus-persica-roter-ellerstaedter-DAM2J4.jpg,Peach leaf
/home/Jhin0324/Jhin/PlantDoc/Peach leaf/rose_tree_220430.jpg,Peach leaf
/home/Jhin0324/Jhin/PlantDoc/Peach leaf/peach-leaf-isolated-white-background-42295196.jpg,Peach leaf
/home/Jhin0324/Jhin/PlantDoc/Peach leaf/stock-photo-peach-leaves-isolated-on-white-background-529501441.jpg,Peach leaf
/home/Jhin0324/Jhin/PlantDoc/Peach leaf/stock-photo-peach-leaf-isolated-on-white-background-207823156.jpg,Peach leaf
/home/Jhin0324/Jhin/PlantDoc/Peach leaf/22+August+2013+008-1.jpg,Peach leaf
/home/Jhin0324/Jhin/PlantDoc/Peach leaf/peach-leaf.jpg,Peach leaf
/home/Jhin0324/Jhin/PlantDoc/Peach leaf/peach-leaf-white-background-40292976.jpg,Peach leaf
/home/Jhin0324/Jhin/PlantDoc/Peach leaf/peach-leaf-isolated-white-background-39426456.jpg,Peach leaf
/home/Jhin0324/Jhin/PlantDoc/Peach leaf/peach-with-leaf-picture-id124561113.jpg,Peach leaf
/home/Jhin0324/Jhin/PlantDoc/Peach leaf/Peach_leaves_raw.jpg,Peach leaf
/home/Jhin0324/Jhin/PlantDoc/Peach leaf/79a24e562c768cd993776c518b238eed--storyboard-toe.jpg,Peach leaf
/home/Jhin0324/Jhin/PlantDoc/Peach leaf/peach-leaf-10223898.jpg,Peach leaf
/home/Jhin0324/Jhin/PlantDoc/Peach leaf/peach-leaf-stock-picture-855439.jpg,Peach leaf
/home/Jhin0324/Jhin/PlantDoc/Peach leaf/depositphotos_31403089-stock-photo-ripe-peach-with-leaf.jpg,Peach leaf
/home/Jhin0324/Jhin/PlantDoc/Peach leaf/stock-photo-peach-leaves-isolated-on-white-background-302224460.jpg,Peach leaf
/home/Jhin0324/Jhin/PlantDoc/Peach leaf/stock-photo-peach-with-leaf-699537772.jpg,Peach leaf
/home/Jhin0324/Jhin/PlantDoc/Peach leaf/6uo5q.jpg,Peach leaf
/home/Jhin0324/Jhin/PlantDoc/Peach leaf/stock-photo-peach-tree-leaf-isolated-over-white-background-back-side-64472731.jpg,Peach leaf
/home/Jhin0324/Jhin/PlantDoc/Peach leaf/stock-photo-peach-leaf-isolated-on-white-background-254975221.jpg,Peach leaf
/home/Jhin0324/Jhin/PlantDoc/Peach leaf/stock-photo-peach-leaf-collection-isolated-on-white-236633248.jpg,Peach leaf
/home/Jhin0324/Jhin/PlantDoc/Peach leaf/peach-1024x754.jpg,Peach leaf
/home/Jhin0324/Jhin/PlantDoc/Peach leaf/dsc06413.jpg,Peach leaf
/home/Jhin0324/Jhin/PlantDoc/Peach leaf/peach-leaf-isolated-white-background-42295151.jpg,Peach leaf
/home/Jhin0324/Jhin/PlantDoc/Peach leaf/Dwarf-Red-Leaf-Peach-leaves-closeup.jpg,Peach leaf
/home/Jhin0324/Jhin/PlantDoc/Peach leaf/stock-photo-peach-with-leaf-isolated-on-white-168119267.jpg,Peach leaf
/home/Jhin0324/Jhin/PlantDoc/Peach leaf/Sweet-September-Yellow-Peach.jpg,Peach leaf
/home/Jhin0324/Jhin/PlantDoc/Peach leaf/stock-photo-peach-leaf-isolated-on-white-background-281097503.jpg,Peach leaf
/home/Jhin0324/Jhin/PlantDoc/Peach leaf/stock-photo-peach-leaf-isolated-370117730.jpg,Peach leaf
/home/Jhin0324/Jhin/PlantDoc/Peach leaf/product_Peach-leaf.jpg,Peach leaf
/home/Jhin0324/Jhin/PlantDoc/Peach leaf/stock-photo-peach-fresh-peach-with-green-leaf-isolated-on-white-background-548680618.jpg,Peach leaf
/home/Jhin0324/Jhin/PlantDoc/Peach leaf/24570793-peach-leaf.jpg,Peach leaf
/home/Jhin0324/Jhin/PlantDoc/Peach leaf/1921.jpg,Peach leaf
/home/Jhin0324/Jhin/PlantDoc/Peach leaf/stock-photo-peach-leaves-isolated-on-white-background-298277570.jpg,Peach leaf
/home/Jhin0324/Jhin/PlantDoc/Peach leaf/stock-photo-peach-leaf-isolated-363604259.jpg,Peach leaf
/home/Jhin0324/Jhin/PlantDoc/Peach leaf/ripe-peach-fresh-red-tree-green-leaves-57508021.jpg,Peach leaf
/home/Jhin0324/Jhin/PlantDoc/Peach leaf/peach-with-leaves-stock-picture-1662453.jpg,Peach leaf
/home/Jhin0324/Jhin/PlantDoc/Peach leaf/peach-leaf-16690421.jpg,Peach leaf
/home/Jhin0324/Jhin/PlantDoc/Peach leaf/7190f27ead55c0f6e3ff8b982972810a5446a9713a49d_1260x1260.jpg,Peach leaf
/home/Jhin0324/Jhin/PlantDoc/Peach leaf/020.JPG.jpg,Peach leaf
/home/Jhin0324/Jhin/PlantDoc/Peach leaf/22+August+2013+010-1.jpg,Peach leaf
/home/Jhin0324/Jhin/PlantDoc/Peach leaf/peach-with-leaf-isolated-on-white-picture-id466696757.jpg,Peach leaf
/home/Jhin0324/Jhin/PlantDoc/Peach leaf/foodjuly2011+026.jpg,Peach leaf
/home/Jhin0324/Jhin/PlantDoc/Peach leaf/peach-with-leaves-stock-image-1765504.jpg,Peach leaf
/home/Jhin0324/Jhin/PlantDoc/Squash Powdery mildew leaf/img_0963.jpg,Squash Powdery mildew leaf
/home/Jhin0324/Jhin/PlantDoc/Squash Powdery mildew leaf/powderymildewpumpkinaiyura6151.jpg,Squash Powdery mildew leaf
/home/Jhin0324/Jhin/PlantDoc/Squash Powdery mildew leaf/Powdery-Mildew-on-squash.jpg,Squash Powdery mildew leaf
/home/Jhin0324/Jhin/PlantDoc/Squash Powdery mildew leaf/dscn2512.jpg,Squash Powdery mildew leaf
/home/Jhin0324/Jhin/PlantDoc/Squash Powdery mildew leaf/squash-powdery-mildew-4.jpg,Squash Powdery mildew leaf
/home/Jhin0324/Jhin/PlantDoc/Squash Powdery mildew leaf/Pea-leaves-with-powdery-mildew.jpg,Squash Powdery mildew leaf
/home/Jhin0324/Jhin/PlantDoc/Squash Powdery mildew leaf/Aug+22+052.jpg,Squash Powdery mildew leaf
/home/Jhin0324/Jhin/PlantDoc/Squash Powdery mildew leaf/753654f7cda1b097ab6048c5d4b44b8a.jpg,Squash Powdery mildew leaf
/home/Jhin0324/Jhin/PlantDoc/Squash Powdery mildew leaf/100367_max.jpg,Squash Powdery mildew leaf
/home/Jhin0324/Jhin/PlantDoc/Squash Powdery mildew leaf/DIYPowderyMildewSpray.jpg,Squash Powdery mildew leaf
/home/Jhin0324/Jhin/PlantDoc/Squash Powdery mildew leaf/Powdery-Mildew-Squash.jpg,Squash Powdery mildew leaf
/home/Jhin0324/Jhin/PlantDoc/Squash Powdery mildew leaf/pmild1_600px.jpg,Squash Powdery mildew leaf
/home/Jhin0324/Jhin/PlantDoc/Squash Powdery mildew leaf/hqdefault.jpg,Squash Powdery mildew leaf
/home/Jhin0324/Jhin/PlantDoc/Squash Powdery mildew leaf/P8230073.JPG.jpg,Squash Powdery mildew leaf
/home/Jhin0324/Jhin/PlantDoc/Squash Powdery mildew leaf/IMG_5457.jpg,Squash Powdery mildew leaf
/home/Jhin0324/Jhin/PlantDoc/Squash Powdery mildew leaf/IMG_0702.jpg,Squash Powdery mildew leaf
/home/Jhin0324/Jhin/PlantDoc/Squash Powdery mildew leaf/Moldy-Leaf-Pumpkin-plant.jpg,Squash Powdery mildew leaf
/home/Jhin0324/Jhin/PlantDoc/Squash Powdery mildew leaf/Mildew-on-cucumber-leaf-1024x768.jpg,Squash Powdery mildew leaf
/home/Jhin0324/Jhin/PlantDoc/Squash Powdery mildew leaf/_1030395.JPG.jpg,Squash Powdery mildew leaf
/home/Jhin0324/Jhin/PlantDoc/Squash Powdery mildew leaf/16629068955_3092aa68a5_b.jpg,Squash Powdery mildew leaf
/home/Jhin0324/Jhin/PlantDoc/Squash Powdery mildew leaf/Get-Rid-of-Mold-or-Powdery-Mildew-on-Squash-and-Cucumbers3-1.jpg,Squash Powdery mildew leaf
/home/Jhin0324/Jhin/PlantDoc/Squash Powdery mildew leaf/dusty-mildew-on-plants-downy-mildew-zucchini-plants-powdery-mildew-treatment-tomato-plants.jpg,Squash Powdery mildew leaf
/home/Jhin0324/Jhin/PlantDoc/Squash Powdery mildew leaf/7e565dd05211332ae896198afc622054.jpg,Squash Powdery mildew leaf
/home/Jhin0324/Jhin/PlantDoc/Squash Powdery mildew leaf/Powdery-mildew-on-pumpkin-leaf-1024x768.jpg,Squash Powdery mildew leaf
/home/Jhin0324/Jhin/PlantDoc/Squash Powdery mildew leaf/pm+001.JPG.jpg,Squash Powdery mildew leaf
/home/Jhin0324/Jhin/PlantDoc/Squash Powdery mildew leaf/powdery-mildew-erysiphe-plantani-on-young-sycamore-leaves-b0ah25.jpg,Squash Powdery mildew leaf
/home/Jhin0324/Jhin/PlantDoc/Squash Powdery mildew leaf/surface.jpg,Squash Powdery mildew leaf
/home/Jhin0324/Jhin/PlantDoc/Squash Powdery mildew leaf/Powdery-mildew-on-pumpkin-leaf-for-web.jpg,Squash Powdery mildew leaf
/home/Jhin0324/Jhin/PlantDoc/Squash Powdery mildew leaf/Powdery-Mildew-on-Cucumber-Leaf.jpg,Squash Powdery mildew leaf
/home/Jhin0324/Jhin/PlantDoc/Squash Powdery mildew leaf/powdery-mildew-erysiphe-plantani-on-young-sycamore-leaves-b774tm.jpg,Squash Powdery mildew leaf
/home/Jhin0324/Jhin/PlantDoc/Squash Powdery mildew leaf/4917901551206400.jpeg.jpg,Squash Powdery mildew leaf
/home/Jhin0324/Jhin/PlantDoc/Squash Powdery mildew leaf/DSC05432.JPG.jpg,Squash Powdery mildew leaf
/home/Jhin0324/Jhin/PlantDoc/Squash Powdery mildew leaf/L1360830copyrightTendingMyGarden.com-first-signs-of-powdery-mildew.jpg,Squash Powdery mildew leaf
/home/Jhin0324/Jhin/PlantDoc/Squash Powdery mildew leaf/16459846140_4f0a2762e3_z.jpg,Squash Powdery mildew leaf
/home/Jhin0324/Jhin/PlantDoc/Squash Powdery mildew leaf/P1080620.JPG.jpg,Squash Powdery mildew leaf
/home/Jhin0324/Jhin/PlantDoc/Squash Powdery mildew leaf/dusty-mildew-on-plants-control-powdery-mildew-identifying-powdery-mildew-plant-spray-powdery-mildew-jade-plant-treatment.jpg,Squash Powdery mildew leaf
/home/Jhin0324/Jhin/PlantDoc/Squash Powdery mildew leaf/dusty-mildew-on-plants-powdery-mildew-on-a-courgette-leaf-treat-downy-mildew-plants-controlling-powdery-mildew-on-squash-plants.jpg,Squash Powdery mildew leaf
/home/Jhin0324/Jhin/PlantDoc/Squash Powdery mildew leaf/16569580047_a720c56ee0_z.jpg,Squash Powdery mildew leaf
/home/Jhin0324/Jhin/PlantDoc/Squash Powdery mildew leaf/white-powdery-mildew-leaves.jpg,Squash Powdery mildew leaf
/home/Jhin0324/Jhin/PlantDoc/Squash Powdery mildew leaf/powderymildew-669x578.jpg,Squash Powdery mildew leaf
/home/Jhin0324/Jhin/PlantDoc/Squash Powdery mildew leaf/130813-01-17828-lg.jpg,Squash Powdery mildew leaf
/home/Jhin0324/Jhin/PlantDoc/Squash Powdery mildew leaf/Squash_powdery-mildew.jpg,Squash Powdery mildew leaf
/home/Jhin0324/Jhin/PlantDoc/Squash Powdery mildew leaf/16775706591_0c1263e4b6_z.jpg,Squash Powdery mildew leaf
/home/Jhin0324/Jhin/PlantDoc/Squash Powdery mildew leaf/4e55f05d945952cfad9ce97ca444c389.jpg,Squash Powdery mildew leaf
/home/Jhin0324/Jhin/PlantDoc/Squash Powdery mildew leaf/powderymildew_300.jpg,Squash Powdery mildew leaf
/home/Jhin0324/Jhin/PlantDoc/Squash Powdery mildew leaf/5HttOvj.jpg,Squash Powdery mildew leaf
/home/Jhin0324/Jhin/PlantDoc/Squash Powdery mildew leaf/severe%20PM%20at%20MHRI%202013%20%2821%29.JPG.jpg,Squash Powdery mildew leaf
/home/Jhin0324/Jhin/PlantDoc/Squash Powdery mildew leaf/powdery-mildew-1.jpg,Squash Powdery mildew leaf
/home/Jhin0324/Jhin/PlantDoc/Squash Powdery mildew leaf/powdery-mildew-sphaerotheca-fuliginea-infection-on-pumpkin-leaves-ajdkkx.jpg,Squash Powdery mildew leaf
/home/Jhin0324/Jhin/PlantDoc/Squash Powdery mildew leaf/16848460256_9787d1c251_z.jpg,Squash Powdery mildew leaf
/home/Jhin0324/Jhin/PlantDoc/Squash Powdery mildew leaf/100_08631.jpg,Squash Powdery mildew leaf
/home/Jhin0324/Jhin/PlantDoc/Squash Powdery mildew leaf/IMG_1725.JPG.jpg,Squash Powdery mildew leaf
/home/Jhin0324/Jhin/PlantDoc/Squash Powdery mildew leaf/powdery-mildew-on-pumpkin-leaves-close-up-2.jpg,Squash Powdery mildew leaf
/home/Jhin0324/Jhin/PlantDoc/Squash Powdery mildew leaf/bfb5b4fb0d9a0dbe476ca7002b41fe4d.jpg,Squash Powdery mildew leaf
/home/Jhin0324/Jhin/PlantDoc/Squash Powdery mildew leaf/PowderyMildewSquashPlant12010.jpg,Squash Powdery mildew leaf
/home/Jhin0324/Jhin/PlantDoc/Squash Powdery mildew leaf/squash-leave-w-powd-mild.jpg,Squash Powdery mildew leaf
/home/Jhin0324/Jhin/PlantDoc/Squash Powdery mildew leaf/Aug+16+2010+049.jpg,Squash Powdery mildew leaf
/home/Jhin0324/Jhin/PlantDoc/Squash Powdery mildew leaf/Aug+16+2010+051.jpg,Squash Powdery mildew leaf
/home/Jhin0324/Jhin/PlantDoc/Squash Powdery mildew leaf/8-ball-powdery-mildew.jpg,Squash Powdery mildew leaf
/home/Jhin0324/Jhin/PlantDoc/Squash Powdery mildew leaf/powdery_mildew.jpg,Squash Powdery mildew leaf
/home/Jhin0324/Jhin/PlantDoc/Squash Powdery mildew leaf/IMG_20150721_144405.jpg,Squash Powdery mildew leaf
/home/Jhin0324/Jhin/PlantDoc/Squash Powdery mildew leaf/curcurbit-powdery-mildew-erysiphe-or-sphaerotheca-on-cucumber-leaf-B5NP51.jpg,Squash Powdery mildew leaf
/home/Jhin0324/Jhin/PlantDoc/Squash Powdery mildew leaf/white-mold-on-squash-plants-powdery-mildew-on-plant-leaves-how-to-get-rid-of-white-mold-on-squash-plants-white-mold-on-squash-plants.jpg,Squash Powdery mildew leaf
/home/Jhin0324/Jhin/PlantDoc/Squash Powdery mildew leaf/powdery%20mildew%20of%20squash.jpg,Squash Powdery mildew leaf
/home/Jhin0324/Jhin/PlantDoc/Squash Powdery mildew leaf/file.php_id=16321&t=1.jpg,Squash Powdery mildew leaf
/home/Jhin0324/Jhin/PlantDoc/Squash Powdery mildew leaf/powdery-mildew-pea-leaf.jpg,Squash Powdery mildew leaf
/home/Jhin0324/Jhin/PlantDoc/Squash Powdery mildew leaf/8%2BPowdery%2Bmildew%2Bzucchini-1.JPG.jpg,Squash Powdery mildew leaf
/home/Jhin0324/Jhin/PlantDoc/Squash Powdery mildew leaf/Powdery+Milew+Squash+003.jpg,Squash Powdery mildew leaf
/home/Jhin0324/Jhin/PlantDoc/Squash Powdery mildew leaf/img_0853.jpg,Squash Powdery mildew leaf
/home/Jhin0324/Jhin/PlantDoc/Squash Powdery mildew leaf/woman-cutting-off-yellow-summer-squash-leaves-with-powdery-mildew-eef3dd.jpg,Squash Powdery mildew leaf
/home/Jhin0324/Jhin/PlantDoc/Squash Powdery mildew leaf/dc4cfbd6f94d0435ab166a06acb1cde0.jpg,Squash Powdery mildew leaf
/home/Jhin0324/Jhin/PlantDoc/Squash Powdery mildew leaf/10_22-jul-11_f11.jpg,Squash Powdery mildew leaf
/home/Jhin0324/Jhin/PlantDoc/Squash Powdery mildew leaf/cucurbit-powdery-mildew-fig-1.jpg,Squash Powdery mildew leaf
/home/Jhin0324/Jhin/PlantDoc/Squash Powdery mildew leaf/cucurbit-squash_powdery-mildew-2L.jpg,Squash Powdery mildew leaf
/home/Jhin0324/Jhin/PlantDoc/Squash Powdery mildew leaf/IMG_1802-1024x768.jpg,Squash Powdery mildew leaf
/home/Jhin0324/Jhin/PlantDoc/Squash Powdery mildew leaf/Get-Rid-of-Mold-or-Powdery-Mildew-on-Squash-and-Cucumbers1-1.jpg,Squash Powdery mildew leaf
/home/Jhin0324/Jhin/PlantDoc/Squash Powdery mildew leaf/garden-stuff-143.jpg,Squash Powdery mildew leaf
/home/Jhin0324/Jhin/PlantDoc/Squash Powdery mildew leaf/powderymildewcucurb-jallen.jpg,Squash Powdery mildew leaf
/home/Jhin0324/Jhin/PlantDoc/Squash Powdery mildew leaf/powmil.jpg,Squash Powdery mildew leaf
/home/Jhin0324/Jhin/PlantDoc/Squash Powdery mildew leaf/53cf2cffb466d325a61897ef320cfccf.jpg,Squash Powdery mildew leaf
/home/Jhin0324/Jhin/PlantDoc/Squash Powdery mildew leaf/16874340125_eb222f747b_z.jpg,Squash Powdery mildew leaf
/home/Jhin0324/Jhin/PlantDoc/Squash Powdery mildew leaf/IMG_5937.jpg,Squash Powdery mildew leaf
/home/Jhin0324/Jhin/PlantDoc/Squash Powdery mildew leaf/Powdery1.jpg,Squash Powdery mildew leaf
/home/Jhin0324/Jhin/PlantDoc/Squash Powdery mildew leaf/powderymildew-on-squash.jpg,Squash Powdery mildew leaf
/home/Jhin0324/Jhin/PlantDoc/Squash Powdery mildew leaf/1895541545_8cfc6eabee_b.jpg,Squash Powdery mildew leaf
/home/Jhin0324/Jhin/PlantDoc/Squash Powdery mildew leaf/what-is-powdery-mildew-on-plants-mild-powdery-mildew-that-will-appear-on-most-squash-leaves-during-the-mid-summer-powdery-mildew-plant-spray-powdery-mildew-on-tomato-plant-leaves.jpg,Squash Powdery mildew leaf
/home/Jhin0324/Jhin/PlantDoc/Squash Powdery mildew leaf/IMG_5606.jpg,Squash Powdery mildew leaf
/home/Jhin0324/Jhin/PlantDoc/Squash Powdery mildew leaf/squash-powdery-mildew.jpg,Squash Powdery mildew leaf
/home/Jhin0324/Jhin/PlantDoc/Squash Powdery mildew leaf/squash-with-mildew-2x.jpg,Squash Powdery mildew leaf
/home/Jhin0324/Jhin/PlantDoc/Squash Powdery mildew leaf/PMSquashBHedlundHerndonVA2006-1y47tkc.jpg,Squash Powdery mildew leaf
/home/Jhin0324/Jhin/PlantDoc/Squash Powdery mildew leaf/flora-ivy-plant-food-produce-vegetable-conifer-tree-squash-rock.jpg,Squash Powdery mildew leaf
/home/Jhin0324/Jhin/PlantDoc/Squash Powdery mildew leaf/IMG_4003.jpg,Squash Powdery mildew leaf
/home/Jhin0324/Jhin/PlantDoc/Squash Powdery mildew leaf/mold_web12.16.14.jpg,Squash Powdery mildew leaf
/home/Jhin0324/Jhin/PlantDoc/Squash Powdery mildew leaf/DSC05433.JPG.jpg,Squash Powdery mildew leaf
/home/Jhin0324/Jhin/PlantDoc/Squash Powdery mildew leaf/p1070482.jpg,Squash Powdery mildew leaf
/home/Jhin0324/Jhin/PlantDoc/Squash Powdery mildew leaf/Powdery+Mildew_00.JPG.jpg,Squash Powdery mildew leaf
/home/Jhin0324/Jhin/PlantDoc/Squash Powdery mildew leaf/207.jpg,Squash Powdery mildew leaf
/home/Jhin0324/Jhin/PlantDoc/Squash Powdery mildew leaf/6c460a55e7e8607e922d98e1416448d4.jpg,Squash Powdery mildew leaf
/home/Jhin0324/Jhin/PlantDoc/Squash Powdery mildew leaf/IMG_5488.JPG.jpg,Squash Powdery mildew leaf
/home/Jhin0324/Jhin/PlantDoc/Squash Powdery mildew leaf/squash-powdery-mildew-2.jpg,Squash Powdery mildew leaf
/home/Jhin0324/Jhin/PlantDoc/Squash Powdery mildew leaf/Powdery_Mildew_Squash.jpg,Squash Powdery mildew leaf
/home/Jhin0324/Jhin/PlantDoc/Squash Powdery mildew leaf/curcurbit-powdery-mildew-erysiphe-cichoracearum-showing-development-BMMRPG.jpg,Squash Powdery mildew leaf
/home/Jhin0324/Jhin/PlantDoc/Squash Powdery mildew leaf/DSC_0183.JPG.jpg,Squash Powdery mildew leaf
/home/Jhin0324/Jhin/PlantDoc/Squash Powdery mildew leaf/1895543477_9d19ad5257_b.jpg,Squash Powdery mildew leaf
/home/Jhin0324/Jhin/PlantDoc/Squash Powdery mildew leaf/photo4.jpg,Squash Powdery mildew leaf
/home/Jhin0324/Jhin/PlantDoc/Squash Powdery mildew leaf/whitemildew1_l.jpg,Squash Powdery mildew leaf
/home/Jhin0324/Jhin/PlantDoc/Squash Powdery mildew leaf/7-17-Powdery-mildew-on-zucchini-LINA.jpg,Squash Powdery mildew leaf
/home/Jhin0324/Jhin/PlantDoc/Squash Powdery mildew leaf/Healthy+squash+leaves.jpg,Squash Powdery mildew leaf
/home/Jhin0324/Jhin/PlantDoc/Squash Powdery mildew leaf/628x471.jpg,Squash Powdery mildew leaf
/home/Jhin0324/Jhin/PlantDoc/Squash Powdery mildew leaf/15005869179_9f39994957_z.jpg,Squash Powdery mildew leaf
/home/Jhin0324/Jhin/PlantDoc/Squash Powdery mildew leaf/pm-001.jpg,Squash Powdery mildew leaf
/home/Jhin0324/Jhin/PlantDoc/Squash Powdery mildew leaf/B9230061-Powdery_Mildew_on_Squash_Leaf-SPL.jpg,Squash Powdery mildew leaf
/home/Jhin0324/Jhin/PlantDoc/Squash Powdery mildew leaf/IMG_3829-1024x684.jpg,Squash Powdery mildew leaf
/home/Jhin0324/Jhin/PlantDoc/Squash Powdery mildew leaf/IMG_1726.JPG.jpg,Squash Powdery mildew leaf
/home/Jhin0324/Jhin/PlantDoc/Squash Powdery mildew leaf/Powdery+Mildew+Control.jpg,Squash Powdery mildew leaf
/home/Jhin0324/Jhin/PlantDoc/Squash Powdery mildew leaf/pm-squash-big.jpg,Squash Powdery mildew leaf
/home/Jhin0324/Jhin/PlantDoc/Squash Powdery mildew leaf/mildew-on-leaf.jpg,Squash Powdery mildew leaf
/home/Jhin0324/Jhin/PlantDoc/Squash Powdery mildew leaf/erysiphe-or-spaerotheca-cucurbit-powdery-mildew-on-butternut-squash-f0rh86.jpg,Squash Powdery mildew leaf
/home/Jhin0324/Jhin/PlantDoc/Squash Powdery mildew leaf/Squash_PowderMildew.jpg,Squash Powdery mildew leaf
/home/Jhin0324/Jhin/PlantDoc/Squash Powdery mildew leaf/mildewonbigleafmapleslowres.JPG.jpg,Squash Powdery mildew leaf
/home/Jhin0324/Jhin/PlantDoc/Squash Powdery mildew leaf/squash-plant-identification-squash-powdery-mildew-garden-squash-varieties-pictures.jpg,Squash Powdery mildew leaf
/home/Jhin0324/Jhin/PlantDoc/Squash Powdery mildew leaf/3761.400x400_0_0.jpeg.jpg,Squash Powdery mildew leaf
/home/Jhin0324/Jhin/PlantDoc/Squash Powdery mildew leaf/16488048256_f64cfea40e_z.jpg,Squash Powdery mildew leaf
/home/Jhin0324/Jhin/PlantDoc/Squash Powdery mildew leaf/p1070616.jpg,Squash Powdery mildew leaf
/home/Jhin0324/Jhin/PlantDoc/Squash Powdery mildew leaf/IW000047.jpg,Squash Powdery mildew leaf
/home/Jhin0324/Jhin/PlantDoc/Squash Powdery mildew leaf/4-lagenaria_pdic.jpg,Squash Powdery mildew leaf
/home/Jhin0324/Jhin/PlantDoc/Squash Powdery mildew leaf/87985926-1-56a349f35f9b58b7d0d14d82.jpg,Squash Powdery mildew leaf
/home/Jhin0324/Jhin/PlantDoc/Squash Powdery mildew leaf/1846.400x400_4.jpeg_itok=845CLslG.jpg,Squash Powdery mildew leaf
/home/Jhin0324/Jhin/PlantDoc/Squash Powdery mildew leaf/squash-powdery-mildew-3.jpg,Squash Powdery mildew leaf
/home/Jhin0324/Jhin/PlantDoc/Tomato Septoria leaf spot/Septoria_tomato_Margaret%20B_p8170755_0002_25004.jpg,Tomato Septoria leaf spot
/home/Jhin0324/Jhin/PlantDoc/Tomato Septoria leaf spot/3893.jpg,Tomato Septoria leaf spot
/home/Jhin0324/Jhin/PlantDoc/Tomato Septoria leaf spot/Septoria_Leaf_Spot_of_Tomato187.jpg,Tomato Septoria leaf spot
/home/Jhin0324/Jhin/PlantDoc/Tomato Septoria leaf spot/tomato-septoria-5-500x384.jpg,Tomato Septoria leaf spot
/home/Jhin0324/Jhin/PlantDoc/Tomato Septoria leaf spot/66e7583ebe11cf0bd06435e4167bd4fd.jpg,Tomato Septoria leaf spot
/home/Jhin0324/Jhin/PlantDoc/Tomato Septoria leaf spot/Septoria-461x346.jpg,Tomato Septoria leaf spot
/home/Jhin0324/Jhin/PlantDoc/Tomato Septoria leaf spot/septoria-leaf-spot-tomato-1.jpg,Tomato Septoria leaf spot
/home/Jhin0324/Jhin/PlantDoc/Tomato Septoria leaf spot/32-Septoria-leaf-spot.jpg,Tomato Septoria leaf spot
/home/Jhin0324/Jhin/PlantDoc/Tomato Septoria leaf spot/5315825271570432-600x272.jpeg.jpg,Tomato Septoria leaf spot
/home/Jhin0324/Jhin/PlantDoc/Tomato Septoria leaf spot/tomato-early-blight-e1437503226856.jpg,Tomato Septoria leaf spot
/home/Jhin0324/Jhin/PlantDoc/Tomato Septoria leaf spot/6+1+09+019.jpg,Tomato Septoria leaf spot
/home/Jhin0324/Jhin/PlantDoc/Tomato Septoria leaf spot/early+blight+on+leaf+yel+halo+IMG_2313.JPG.jpg,Tomato Septoria leaf spot
/home/Jhin0324/Jhin/PlantDoc/Tomato Septoria leaf spot/b54d0e40027ff5e90e8ba7e1e9abf9bd.jpg,Tomato Septoria leaf spot
/home/Jhin0324/Jhin/PlantDoc/Tomato Septoria leaf spot/6242739939180544.jpeg.jpg,Tomato Septoria leaf spot
/home/Jhin0324/Jhin/PlantDoc/Tomato Septoria leaf spot/bed-4-tomatoes-23jun13.jpg,Tomato Septoria leaf spot
/home/Jhin0324/Jhin/PlantDoc/Tomato Septoria leaf spot/Tomato+leaf+spot2.jpg,Tomato Septoria leaf spot
/home/Jhin0324/Jhin/PlantDoc/Tomato Septoria leaf spot/gray-leaf-spot.jpg,Tomato Septoria leaf spot
/home/Jhin0324/Jhin/PlantDoc/Tomato Septoria leaf spot/5008922249_880e15c21f.jpg,Tomato Septoria leaf spot
/home/Jhin0324/Jhin/PlantDoc/Tomato Septoria leaf spot/Septoria_Leaf_Spot_of_Tomato2241-450x300.jpg,Tomato Septoria leaf spot
/home/Jhin0324/Jhin/PlantDoc/Tomato Septoria leaf spot/6078710516023296.jpeg.jpg,Tomato Septoria leaf spot
/home/Jhin0324/Jhin/PlantDoc/Tomato Septoria leaf spot/TomatoDisease_IMG_2744_2016Jul01_original.JPG_1472858324.jpg,Tomato Septoria leaf spot
/home/Jhin0324/Jhin/PlantDoc/Tomato Septoria leaf spot/5454635393351680.jpeg.jpg,Tomato Septoria leaf spot
/home/Jhin0324/Jhin/PlantDoc/Tomato Septoria leaf spot/septoria_leaf_spot_of_tomato-1500x750.jpg,Tomato Septoria leaf spot
/home/Jhin0324/Jhin/PlantDoc/Tomato Septoria leaf spot/septoria_tomato.jpg,Tomato Septoria leaf spot
/home/Jhin0324/Jhin/PlantDoc/Tomato Septoria leaf spot/tomato-septoria-3-500x384.jpg,Tomato Septoria leaf spot
/home/Jhin0324/Jhin/PlantDoc/Tomato Septoria leaf spot/Tomato_Septoria_Leaf_Spot.jpg,Tomato Septoria leaf spot
/home/Jhin0324/Jhin/PlantDoc/Tomato Septoria leaf spot/2010-jul-5-jul-9-03.jpg,Tomato Septoria leaf spot
/home/Jhin0324/Jhin/PlantDoc/Tomato Septoria leaf spot/tomato-septoria-leaf-spot-.jpg,Tomato Septoria leaf spot
/home/Jhin0324/Jhin/PlantDoc/Tomato Septoria leaf spot/2septoria-tomato.jpg,Tomato Septoria leaf spot
/home/Jhin0324/Jhin/PlantDoc/Tomato Septoria leaf spot/Septoria-leaf-spot-on-tomato-FOR-WEB.jpg,Tomato Septoria leaf spot
/home/Jhin0324/Jhin/PlantDoc/Tomato Septoria leaf spot/classic-septoria.jpg,Tomato Septoria leaf spot
/home/Jhin0324/Jhin/PlantDoc/Tomato Septoria leaf spot/1b.jpg,Tomato Septoria leaf spot
/home/Jhin0324/Jhin/PlantDoc/Tomato Septoria leaf spot/5516100468998144.jpeg.jpg,Tomato Septoria leaf spot
/home/Jhin0324/Jhin/PlantDoc/Tomato Septoria leaf spot/sept4disease-019.jpg,Tomato Septoria leaf spot
/home/Jhin0324/Jhin/PlantDoc/Tomato Septoria leaf spot/28018723549_3a16c1467b_b.jpg,Tomato Septoria leaf spot
/home/Jhin0324/Jhin/PlantDoc/Tomato Septoria leaf spot/tomato_V8.jpg,Tomato Septoria leaf spot
/home/Jhin0324/Jhin/PlantDoc/Tomato Septoria leaf spot/Septoria%2Bleaf%2Bspot.tomato.JPG.jpg,Tomato Septoria leaf spot
/home/Jhin0324/Jhin/PlantDoc/Tomato Septoria leaf spot/tomato_septoria_alternaria_1.jpg,Tomato Septoria leaf spot
/home/Jhin0324/Jhin/PlantDoc/Tomato Septoria leaf spot/septorialeafspot.jpg,Tomato Septoria leaf spot
/home/Jhin0324/Jhin/PlantDoc/Tomato Septoria leaf spot/EPP-7625Fig-5-143x300.jpg,Tomato Septoria leaf spot
/home/Jhin0324/Jhin/PlantDoc/Tomato Septoria leaf spot/1c421500ddd390c90596ad2cf12d5429.jpg,Tomato Septoria leaf spot
/home/Jhin0324/Jhin/PlantDoc/Tomato Septoria leaf spot/septoria-leaf-spot-2.jpg,Tomato Septoria leaf spot
/home/Jhin0324/Jhin/PlantDoc/Tomato Septoria leaf spot/Septoria_leaf_spot_tomato.jpg,Tomato Septoria leaf spot
/home/Jhin0324/Jhin/PlantDoc/Tomato Septoria leaf spot/tomato-plant-is-infected-with-septoria-leaf-spot.jpg,Tomato Septoria leaf spot
/home/Jhin0324/Jhin/PlantDoc/Tomato Septoria leaf spot/septoria-tomato-leaf.jpg,Tomato Septoria leaf spot
/home/Jhin0324/Jhin/PlantDoc/Tomato Septoria leaf spot/6078710516023296-600x272.jpeg.jpg,Tomato Septoria leaf spot
/home/Jhin0324/Jhin/PlantDoc/Tomato Septoria leaf spot/6134794031202304-600x272.jpeg.jpg,Tomato Septoria leaf spot
/home/Jhin0324/Jhin/PlantDoc/Tomato Septoria leaf spot/2014-08-27%2B-%2BCloser%2BView%2Bof%2BSeptoria%2BLeaf%2BSpot.jpg,Tomato Septoria leaf spot
/home/Jhin0324/Jhin/PlantDoc/Tomato Septoria leaf spot/Tom_Sept1.jpg,Tomato Septoria leaf spot
/home/Jhin0324/Jhin/PlantDoc/Tomato Septoria leaf spot/SeptoriaTomato-B.jpg,Tomato Septoria leaf spot
/home/Jhin0324/Jhin/PlantDoc/Tomato Septoria leaf spot/caf212ccf4696675469a0beaa9e57213.jpg,Tomato Septoria leaf spot
/home/Jhin0324/Jhin/PlantDoc/Tomato Septoria leaf spot/septoria_tom_seedlings5x1200.jpg,Tomato Septoria leaf spot
/home/Jhin0324/Jhin/PlantDoc/Tomato Septoria leaf spot/IMG_0312_original.jpg,Tomato Septoria leaf spot
/home/Jhin0324/Jhin/PlantDoc/Tomato Septoria leaf spot/septoria_tom_leaves1x1200.jpg,Tomato Septoria leaf spot
/home/Jhin0324/Jhin/PlantDoc/Tomato Septoria leaf spot/tomato_leaves_300x300%2523.jpg,Tomato Septoria leaf spot
/home/Jhin0324/Jhin/PlantDoc/Tomato Septoria leaf spot/septoria+on+rudbeckia.jpg,Tomato Septoria leaf spot
/home/Jhin0324/Jhin/PlantDoc/Tomato Septoria leaf spot/Septoria_Leaf_Spot.jpg,Tomato Septoria leaf spot
/home/Jhin0324/Jhin/PlantDoc/Tomato Septoria leaf spot/3-septoria-leaf-blight-n.jpg,Tomato Septoria leaf spot
/home/Jhin0324/Jhin/PlantDoc/Tomato Septoria leaf spot/septoria_tom_seedlings2x1200.jpg,Tomato Septoria leaf spot
/home/Jhin0324/Jhin/PlantDoc/Tomato Septoria leaf spot/Septoria_Leaf_Spot_of_Tomato186.jpg,Tomato Septoria leaf spot
/home/Jhin0324/Jhin/PlantDoc/Tomato Septoria leaf spot/140714+%2811%29.JPG.jpg,Tomato Septoria leaf spot
/home/Jhin0324/Jhin/PlantDoc/Tomato Septoria leaf spot/SeptoriaLeaf_T3.jpg,Tomato Septoria leaf spot
/home/Jhin0324/Jhin/PlantDoc/Tomato Septoria leaf spot/55830b60a7cf2.image.jpg,Tomato Septoria leaf spot
/home/Jhin0324/Jhin/PlantDoc/Tomato Septoria leaf spot/tomato-leaf-spot-septoria-lycopersici-leaf-spotting-on-tomato-at9jap.jpg,Tomato Septoria leaf spot
/home/Jhin0324/Jhin/PlantDoc/Tomato Septoria leaf spot/636227737977191231-septoria-leaf-spot-VT.jpg,Tomato Septoria leaf spot
/home/Jhin0324/Jhin/PlantDoc/Tomato Septoria leaf spot/septoria-leaf-spot-tomatoes2x2400-202yoxg.jpg,Tomato Septoria leaf spot
/home/Jhin0324/Jhin/PlantDoc/Tomato Septoria leaf spot/Leaf%20spot.jpg,Tomato Septoria leaf spot
/home/Jhin0324/Jhin/PlantDoc/Tomato Septoria leaf spot/Sept9-300x225.jpg,Tomato Septoria leaf spot
/home/Jhin0324/Jhin/PlantDoc/Tomato Septoria leaf spot/20100824septoria.jpg,Tomato Septoria leaf spot
/home/Jhin0324/Jhin/PlantDoc/Tomato Septoria leaf spot/4853086777_bc41d29801.jpg,Tomato Septoria leaf spot
/home/Jhin0324/Jhin/PlantDoc/Tomato Septoria leaf spot/closeup-of-tomato-leaf-y4af51-1024x768.jpg,Tomato Septoria leaf spot
/home/Jhin0324/Jhin/PlantDoc/Tomato Septoria leaf spot/tomato-disease-septoria-leaf-spot-d7e1x9.jpg,Tomato Septoria leaf spot
/home/Jhin0324/Jhin/PlantDoc/Tomato Septoria leaf spot/IMG_4452_1500x1500%253E.JPG_1407883119.jpg,Tomato Septoria leaf spot
/home/Jhin0324/Jhin/PlantDoc/Tomato Septoria leaf spot/bnX8Q.jpg,Tomato Septoria leaf spot
/home/Jhin0324/Jhin/PlantDoc/Tomato Septoria leaf spot/6134794031202304.jpeg.jpg,Tomato Septoria leaf spot
/home/Jhin0324/Jhin/PlantDoc/Tomato Septoria leaf spot/tomato%2Bseptoria%2Bleaf%2Bspot2.JPG.jpg,Tomato Septoria leaf spot
/home/Jhin0324/Jhin/PlantDoc/Tomato Septoria leaf spot/6447731_orig.jpg,Tomato Septoria leaf spot
/home/Jhin0324/Jhin/PlantDoc/Tomato Septoria leaf spot/5516100468998144-600x272.jpeg.jpg,Tomato Septoria leaf spot
/home/Jhin0324/Jhin/PlantDoc/Tomato Septoria leaf spot/confused-early-blight-septoria-zoom.jpg,Tomato Septoria leaf spot
/home/Jhin0324/Jhin/PlantDoc/Tomato Septoria leaf spot/BCH%20medium%20thumbnail%20for%20upload%20%2861%29.jpg,Tomato Septoria leaf spot
/home/Jhin0324/Jhin/PlantDoc/Tomato Septoria leaf spot/septorialeafspot2.jpg,Tomato Septoria leaf spot
/home/Jhin0324/Jhin/PlantDoc/Tomato Septoria leaf spot/septoria2_600px.jpg,Tomato Septoria leaf spot
/home/Jhin0324/Jhin/PlantDoc/Tomato Septoria leaf spot/5336411888680960-600x272.jpeg.jpg,Tomato Septoria leaf spot
/home/Jhin0324/Jhin/PlantDoc/Tomato Septoria leaf spot/128110613-56a6d3633df78cf7729070ad.jpg,Tomato Septoria leaf spot
/home/Jhin0324/Jhin/PlantDoc/Tomato Septoria leaf spot/Tomato+Problems+Septoria+Leaf+Spot.jpg,Tomato Septoria leaf spot
/home/Jhin0324/Jhin/PlantDoc/Tomato Septoria leaf spot/2STEM.jpg,Tomato Septoria leaf spot
/home/Jhin0324/Jhin/PlantDoc/Tomato Septoria leaf spot/tomato_leaf_spots_1500x1500%253E.jpg,Tomato Septoria leaf spot
/home/Jhin0324/Jhin/PlantDoc/Tomato Septoria leaf spot/xgray-leaf-spot.jpg.pagespeed.ic.ltF8KfKtQ1.jpg,Tomato Septoria leaf spot
/home/Jhin0324/Jhin/PlantDoc/Tomato Septoria leaf spot/slide21-n.jpg,Tomato Septoria leaf spot
/home/Jhin0324/Jhin/PlantDoc/Tomato Septoria leaf spot/septoria-leaf-spot-tomatoes1x2400-17g2jzo.jpg,Tomato Septoria leaf spot
/home/Jhin0324/Jhin/PlantDoc/Tomato Septoria leaf spot/PHOTO_1333642740144.jpg,Tomato Septoria leaf spot
/home/Jhin0324/Jhin/PlantDoc/Tomato Septoria leaf spot/sls1.jpg,Tomato Septoria leaf spot
/home/Jhin0324/Jhin/PlantDoc/Tomato Septoria leaf spot/eb56b488e349c2de423ab6afbcc4bd5b.jpg,Tomato Septoria leaf spot
/home/Jhin0324/Jhin/PlantDoc/Tomato Septoria leaf spot/septoria5.jpg,Tomato Septoria leaf spot
/home/Jhin0324/Jhin/PlantDoc/Tomato Septoria leaf spot/tomato-diseases-1-638.jpg,Tomato Septoria leaf spot
/home/Jhin0324/Jhin/PlantDoc/Tomato Septoria leaf spot/septoria3.jpg,Tomato Septoria leaf spot
/home/Jhin0324/Jhin/PlantDoc/Tomato Septoria leaf spot/tomato-septoria-5.jpg,Tomato Septoria leaf spot
/home/Jhin0324/Jhin/PlantDoc/Tomato Septoria leaf spot/Tomato%20bacterial%20spot%20closeup-050S.JPG.jpg,Tomato Septoria leaf spot
/home/Jhin0324/Jhin/PlantDoc/Tomato Septoria leaf spot/5775225744523264.jpeg.jpg,Tomato Septoria leaf spot
/home/Jhin0324/Jhin/PlantDoc/Tomato Septoria leaf spot/20809116-standard.jpg,Tomato Septoria leaf spot
/home/Jhin0324/Jhin/PlantDoc/Tomato Septoria leaf spot/5775225744523264-600x272.jpeg.jpg,Tomato Septoria leaf spot
/home/Jhin0324/Jhin/PlantDoc/Tomato Septoria leaf spot/early-blight-septoria-ls-fig-3.jpg,Tomato Septoria leaf spot
/home/Jhin0324/Jhin/PlantDoc/Tomato Septoria leaf spot/49-Septoria-leaf-spot.jpg,Tomato Septoria leaf spot
/home/Jhin0324/Jhin/PlantDoc/Tomato Septoria leaf spot/5579e3247db73.image.jpg,Tomato Septoria leaf spot
/home/Jhin0324/Jhin/PlantDoc/Tomato Septoria leaf spot/tomato-plant-is-infected-with-septoria-leaf-spot-1.jpg,Tomato Septoria leaf spot
/home/Jhin0324/Jhin/PlantDoc/Tomato Septoria leaf spot/5866245865865216.jpeg.jpg,Tomato Septoria leaf spot
/home/Jhin0324/Jhin/PlantDoc/Tomato Septoria leaf spot/RARZ4.jpg,Tomato Septoria leaf spot
/home/Jhin0324/Jhin/PlantDoc/Tomato Septoria leaf spot/MPC105550.jpg.rendition.largest.550.jpg,Tomato Septoria leaf spot
/home/Jhin0324/Jhin/PlantDoc/Tomato Septoria leaf spot/46-Septoria-leaf-spot.jpg,Tomato Septoria leaf spot
/home/Jhin0324/Jhin/PlantDoc/Tomato Septoria leaf spot/tomatoseptorialeafspotjpg-788d20798a3c74e7.jpg,Tomato Septoria leaf spot
/home/Jhin0324/Jhin/PlantDoc/Tomato Septoria leaf spot/Septoria-leaf-spot-hc.jpg,Tomato Septoria leaf spot
/home/Jhin0324/Jhin/PlantDoc/Tomato Septoria leaf spot/img_6564.jpg,Tomato Septoria leaf spot
/home/Jhin0324/Jhin/PlantDoc/Tomato Septoria leaf spot/septorialycopersici_small.jpg,Tomato Septoria leaf spot
/home/Jhin0324/Jhin/PlantDoc/Tomato Septoria leaf spot/tomato-disease-septoria-leaf-spot-d7e1xe.jpg,Tomato Septoria leaf spot
/home/Jhin0324/Jhin/PlantDoc/Tomato Septoria leaf spot/tomato-blight-treatment-blight.jpg,Tomato Septoria leaf spot
/home/Jhin0324/Jhin/PlantDoc/Tomato Septoria leaf spot/x3-most-common-types-tomato-blight.jpg.pagespeed.ic.5cLJi6TXEi.jpg,Tomato Septoria leaf spot
/home/Jhin0324/Jhin/PlantDoc/Tomato Septoria leaf spot/bd0b83af4c5e4b739ccc6c36fa66f141.jpg,Tomato Septoria leaf spot
/home/Jhin0324/Jhin/PlantDoc/Tomato Septoria leaf spot/5315825271570432.jpeg.jpg,Tomato Septoria leaf spot
/home/Jhin0324/Jhin/PlantDoc/Tomato Septoria leaf spot/IMG_0863_1500x1500%253E.jpg,Tomato Septoria leaf spot
/home/Jhin0324/Jhin/PlantDoc/Tomato Septoria leaf spot/tomato-disease-septoria-leaf-spot-d7e1xm.jpg,Tomato Septoria leaf spot
/home/Jhin0324/Jhin/PlantDoc/Tomato Septoria leaf spot/6336392950972416.jpeg.jpg,Tomato Septoria leaf spot
/home/Jhin0324/Jhin/PlantDoc/Tomato Septoria leaf spot/tomato_septoria_05_zoom.jpg,Tomato Septoria leaf spot
/home/Jhin0324/Jhin/PlantDoc/Tomato Septoria leaf spot/Septoria-Tomato.jpg,Tomato Septoria leaf spot
/home/Jhin0324/Jhin/PlantDoc/Tomato Septoria leaf spot/web1_copy_tomato-septoria-leaf-spot4.jpg,Tomato Septoria leaf spot
/home/Jhin0324/Jhin/PlantDoc/Tomato Septoria leaf spot/5c77186a4ea326e5495c9d03cd89ce16.jpg,Tomato Septoria leaf spot
/home/Jhin0324/Jhin/PlantDoc/Tomato Septoria leaf spot/septoria+leaf+spota.jpg,Tomato Septoria leaf spot
/home/Jhin0324/Jhin/PlantDoc/Tomato Septoria leaf spot/septoria-leaf-spot-in-tomatoes.jpg,Tomato Septoria leaf spot
/home/Jhin0324/Jhin/PlantDoc/Tomato Septoria leaf spot/tomato-septoria-leaf-spot--.jpg,Tomato Septoria leaf spot
/home/Jhin0324/Jhin/PlantDoc/Tomato Septoria leaf spot/tomatofactsheet.png.png,Tomato Septoria leaf spot
/home/Jhin0324/Jhin/PlantDoc/Tomato Septoria leaf spot/Septoria+Leaf+Spot.jpg,Tomato Septoria leaf spot
/home/Jhin0324/Jhin/PlantDoc/Tomato Septoria leaf spot/tomato-badleaves.jpg,Tomato Septoria leaf spot
/home/Jhin0324/Jhin/PlantDoc/Tomato Septoria leaf spot/septoria-leafspot-on-tomato-leaf-rp-c.jpg,Tomato Septoria leaf spot
/home/Jhin0324/Jhin/PlantDoc/Tomato Septoria leaf spot/leafspot-5aba8283642dca003687f6fa.jpg,Tomato Septoria leaf spot
/home/Jhin0324/Jhin/PlantDoc/Tomato Septoria leaf spot/tomato-septoria-3.jpg,Tomato Septoria leaf spot
/home/Jhin0324/Jhin/PlantDoc/Tomato Septoria leaf spot/septoria-leaf-spot-treatment-leaf-spot-septoria-leaf-spot-soil-treatment-septoria-leaf-spot-tomato-organic-treatment.jpg,Tomato Septoria leaf spot
/home/Jhin0324/Jhin/PlantDoc/Tomato Septoria leaf spot/0.jpg,Tomato Septoria leaf spot
/home/Jhin0324/Jhin/PlantDoc/Tomato Septoria leaf spot/7-17-Photo3_Septoria-MARY.jpg,Tomato Septoria leaf spot
/home/Jhin0324/Jhin/PlantDoc/Tomato Septoria leaf spot/tomato-septoria-leaf-spot.jpg,Tomato Septoria leaf spot
/home/Jhin0324/Jhin/PlantDoc/Tomato Septoria leaf spot/tomato-leaf-spot-septoria-lycopersici-on-a-tomato-leaflet-acg9j5.jpg,Tomato Septoria leaf spot
/home/Jhin0324/Jhin/PlantDoc/Tomato Septoria leaf spot/septoria-lycopersici-ascomycota-common-fungal-leaf-disease-of-tomato-picture-id128110611.jpg,Tomato Septoria leaf spot
/home/Jhin0324/Jhin/PlantDoc/Tomato Septoria leaf spot/septoria+tomato.jpg,Tomato Septoria leaf spot
/home/Jhin0324/Jhin/PlantDoc/Tomato Septoria leaf spot/IMG_3175.jpg,Tomato Septoria leaf spot
/home/Jhin0324/Jhin/PlantDoc/Tomato Septoria leaf spot/bigseptoria01.jpg,Tomato Septoria leaf spot
/home/Jhin0324/Jhin/PlantDoc/Tomato Septoria leaf spot/septoria-leaf-spot-on-tomato-1.jpg,Tomato Septoria leaf spot
/home/Jhin0324/Jhin/PlantDoc/Tomato Septoria leaf spot/b6ca3f80-cc10-4d4f-be0d-771deb9a4969.jpeg.jpg,Tomato Septoria leaf spot
/home/Jhin0324/Jhin/PlantDoc/Tomato Septoria leaf spot/vdu-tomato-sept-eb-285x300.jpg,Tomato Septoria leaf spot
/home/Jhin0324/Jhin/PlantDoc/Tomato Septoria leaf spot/Bean-rust-on-leaves.jpg,Tomato Septoria leaf spot
/home/Jhin0324/Jhin/PlantDoc/Tomato Septoria leaf spot/tomato-septoria-leaf-spot-600.jpg,Tomato Septoria leaf spot
/home/Jhin0324/Jhin/PlantDoc/Tomato Septoria leaf spot/PHOTO_1333642732277.jpg,Tomato Septoria leaf spot
/home/Jhin0324/Jhin/PlantDoc/Tomato Septoria leaf spot/Tom_Sept4.jpg,Tomato Septoria leaf spot
/home/Jhin0324/Jhin/PlantDoc/Soyabean leaf/kdeficiency2.jpg,Soyabean leaf
/home/Jhin0324/Jhin/PlantDoc/Soyabean leaf/stock-photo-green-soy-pods-with-leaves-and-seeds-isolated-on-white-backgraund-310996586.jpg,Soyabean leaf
/home/Jhin0324/Jhin/PlantDoc/Soyabean leaf/6898762496_5b9b6c22d3_z.jpg,Soyabean leaf
/home/Jhin0324/Jhin/PlantDoc/Soyabean leaf/IMG_4810.jpg,Soyabean leaf
/home/Jhin0324/Jhin/PlantDoc/Soyabean leaf/Soybean%20edamame%20leaf.JPG.jpg,Soyabean leaf
/home/Jhin0324/Jhin/PlantDoc/Soyabean leaf/Brown%20Spot%20-%20dark%20spots.jpg,Soyabean leaf
/home/Jhin0324/Jhin/PlantDoc/Soyabean leaf/DM-on-soy.jpg,Soyabean leaf
/home/Jhin0324/Jhin/PlantDoc/Soyabean leaf/stock-photo-soybean-on-the-pod-with-leaves-for-healthy-eating-concept-62173117.jpg,Soyabean leaf
/home/Jhin0324/Jhin/PlantDoc/Soyabean leaf/soy-leaf-27914090.jpg,Soyabean leaf
/home/Jhin0324/Jhin/PlantDoc/Soyabean leaf/soybeans-glycine-max-with-leaves-e1hkcy.jpg,Soyabean leaf
/home/Jhin0324/Jhin/PlantDoc/Soyabean leaf/stock-photo-fresh-soy-leaves-isolated-on-white-224197243.jpg,Soyabean leaf
/home/Jhin0324/Jhin/PlantDoc/Soyabean leaf/stock-photo-fresh-soy-leaves-isolated-on-white-93841699.jpg,Soyabean leaf
/home/Jhin0324/Jhin/PlantDoc/Soyabean leaf/Soybean%20oil%20leaf2.JPG.jpg,Soyabean leaf
/home/Jhin0324/Jhin/PlantDoc/Soyabean leaf/IMG_20150714_122008907.jpg,Soyabean leaf
/home/Jhin0324/Jhin/PlantDoc/Soyabean leaf/stock-photo-fresh-soy-leaves-isolated-on-white-94700095.jpg,Soyabean leaf
/home/Jhin0324/Jhin/PlantDoc/Soyabean leaf/a-mid-season-soybean-plants-leaves-show-virtually-no-insect-damage-cxy78f.jpg,Soyabean leaf
/home/Jhin0324/Jhin/PlantDoc/Soyabean leaf/detailed-view-single-soybean-leaf-very-green-crop-growing-field-43444691.jpg,Soyabean leaf
/home/Jhin0324/Jhin/PlantDoc/Soyabean leaf/kdeficiency4.jpg,Soyabean leaf
/home/Jhin0324/Jhin/PlantDoc/Soyabean leaf/SOYBEANS_2_1500x1500%253E.JPG_1474027789.jpg,Soyabean leaf
/home/Jhin0324/Jhin/PlantDoc/Soyabean leaf/stock-photo-green-soybeans-leaf-on-white-background-450572512.jpg,Soyabean leaf
/home/Jhin0324/Jhin/PlantDoc/Soyabean leaf/6.8.12+Soybean+First+Trifoliate+Leaf.JPG.jpg,Soyabean leaf
/home/Jhin0324/Jhin/PlantDoc/Soyabean leaf/resistance1c.jpg,Soyabean leaf
/home/Jhin0324/Jhin/PlantDoc/Soyabean leaf/glma4_leaf_001.jpg,Soyabean leaf
/home/Jhin0324/Jhin/PlantDoc/Soyabean leaf/Soybean%20oil%20leaf.JPG.jpg,Soyabean leaf
/home/Jhin0324/Jhin/PlantDoc/Soyabean leaf/soybean-leaf-picture-id136581201_s=612x612.jpg,Soyabean leaf
/home/Jhin0324/Jhin/PlantDoc/Soyabean leaf/agron10.jpg,Soyabean leaf
/home/Jhin0324/Jhin/PlantDoc/Soyabean leaf/soybean-seedling-at-vc-stage-cotyledons-and-unifoliate-leaves-fully-J5RK4F.jpg,Soyabean leaf
/home/Jhin0324/Jhin/PlantDoc/Soyabean leaf/soybean-plant-seedling.jpg,Soyabean leaf
/home/Jhin0324/Jhin/PlantDoc/Soyabean leaf/487977347.jpg,Soyabean leaf
/home/Jhin0324/Jhin/PlantDoc/Soyabean leaf/leaf-raspberry-isolated-on-a-white-stock-photography-image-10106222-1625198.jpg,Soyabean leaf
/home/Jhin0324/Jhin/PlantDoc/Soyabean leaf/soybeans-leaves.jpg,Soyabean leaf
/home/Jhin0324/Jhin/PlantDoc/Soyabean leaf/IMG_1138.jpg,Soyabean leaf
/home/Jhin0324/Jhin/PlantDoc/Soyabean leaf/double-crop-soybean-leaves-Aug-19-2013_thumb.jpg,Soyabean leaf
/home/Jhin0324/Jhin/PlantDoc/Soyabean leaf/soybean-leaf-single.jpg,Soyabean leaf
/home/Jhin0324/Jhin/PlantDoc/Soyabean leaf/Leaves-of-Soybean.jpg,Soyabean leaf
/home/Jhin0324/Jhin/PlantDoc/Soyabean leaf/5834652565_6b00a70309_z.jpg,Soyabean leaf
/home/Jhin0324/Jhin/PlantDoc/Soyabean leaf/07feb_ma_sbr3.JPG.jpg,Soyabean leaf
/home/Jhin0324/Jhin/PlantDoc/Soyabean leaf/Kdefsoybean.JPG.jpg,Soyabean leaf
/home/Jhin0324/Jhin/PlantDoc/Soyabean leaf/Soybean%20edamame%20leaf1.JPG.jpg,Soyabean leaf
/home/Jhin0324/Jhin/PlantDoc/Soyabean leaf/a-mid-season-soybean-plants-leaves-show-virtually-no-insect-damage-cxy77t.jpg,Soyabean leaf
/home/Jhin0324/Jhin/PlantDoc/Soyabean leaf/soybean_leaves_01.jpg,Soyabean leaf
/home/Jhin0324/Jhin/PlantDoc/Soyabean leaf/IMG_4780.jpg,Soyabean leaf
/home/Jhin0324/Jhin/PlantDoc/Soyabean leaf/depositphotos_15928367-stock-photo-soy-leaf.jpg,Soyabean leaf
/home/Jhin0324/Jhin/PlantDoc/Soyabean leaf/Soybean_leaves.jpg,Soyabean leaf
/home/Jhin0324/Jhin/PlantDoc/Soyabean leaf/stock-photo-soy-leaf-isolated-on-white-background-120961801.jpg,Soyabean leaf
/home/Jhin0324/Jhin/PlantDoc/Soyabean leaf/stock-photo-fresh-soy-leaves-with-dew-isolated-on-white-416036248.jpg,Soyabean leaf
/home/Jhin0324/Jhin/PlantDoc/Soyabean leaf/downy-mildew-on-soybeans-2csq9n7.jpg,Soyabean leaf
/home/Jhin0324/Jhin/PlantDoc/Soyabean leaf/6.15.12+Soybeans+V3.JPG.jpg,Soyabean leaf
/home/Jhin0324/Jhin/PlantDoc/Soyabean leaf/stock-photo-green-soy-pods-with-leaves-isolated-on-white-backgraund-310996559.jpg,Soyabean leaf
/home/Jhin0324/Jhin/PlantDoc/Soyabean leaf/Soy-leaves-FAZ050-2015US-IL-Wuerffel-USNQ0F002-28DAB-Plot106b.jpg,Soyabean leaf
/home/Jhin0324/Jhin/PlantDoc/Soyabean leaf/stock-photo-fresh-soy-leaves-isolated-on-white-94266130.jpg,Soyabean leaf
/home/Jhin0324/Jhin/PlantDoc/Soyabean leaf/soy-964327_960_720.jpg,Soyabean leaf
/home/Jhin0324/Jhin/PlantDoc/Soyabean leaf/Soybean%20tofu%20leaf.JPG.jpg,Soyabean leaf
/home/Jhin0324/Jhin/PlantDoc/Soyabean leaf/asoybeanleafcloseup.JPG.jpg,Soyabean leaf
/home/Jhin0324/Jhin/PlantDoc/Soyabean leaf/soybean-leaves-Aug-19-2013_thumb.jpg,Soyabean leaf
/home/Jhin0324/Jhin/PlantDoc/Soyabean leaf/fresh-soy-leaves-isolated-on-260nw-667193923.jpg,Soyabean leaf
/home/Jhin0324/Jhin/PlantDoc/Soyabean leaf/stock-photo-soy-plant-isolated-on-white-background-122414239.jpg,Soyabean leaf
/home/Jhin0324/Jhin/PlantDoc/Soyabean leaf/close-up-shot-of-soy-leaves-glistening-in-the-sunshine-picture-id157639700_s=612x612.jpg,Soyabean leaf
/home/Jhin0324/Jhin/PlantDoc/Soyabean leaf/IMG_fig-4.jpg,Soyabean leaf
/home/Jhin0324/Jhin/PlantDoc/Soyabean leaf/KDeficientSoyBean.jpg,Soyabean leaf
/home/Jhin0324/Jhin/PlantDoc/Soyabean leaf/soybean-potassium-deficiency-2.jpg,Soyabean leaf
/home/Jhin0324/Jhin/PlantDoc/Soyabean leaf/soybean-magnesium-2.jpg,Soyabean leaf
/home/Jhin0324/Jhin/PlantDoc/Soyabean leaf/soybean-21357451.jpg,Soyabean leaf
/home/Jhin0324/Jhin/PlantDoc/Soyabean leaf/fresh-soy-leaves-white-46020567.jpg,Soyabean leaf
/home/Jhin0324/Jhin/PlantDoc/Soyabean leaf/stock-photo-green-soy-leaves-in-the-field-agricultural-background-31501516.jpg,Soyabean leaf
